English,Spanish,French,Where it appears
2155550000 (no dashes needed),2155550000 (sin guiones),2155550000 (sans tirets),Sign in
"4 digits. Not all the same, not in a row like 1234, and not your badge number. The PIN you were given works until you save a new one.","4 dígitos. No todos iguales, no seguidos como 1234 y no su número de empleado. El PIN que le dieron funciona hasta que guarde uno nuevo.","4 chiffres. Pas tous identiques, pas à la suite comme 1234, et pas votre numéro de badge. Le code PIN qu'on vous a donné fonctionne jusqu'à ce que vous en enregistriez un nouveau.","Set your PIN, under New PIN"
4-digit PIN,PIN de 4 dígitos,4 chiffres,Sign in
"9001, 2155550101 or name@email.com","9001, 2155550101 o nombre@correo.com","9001, 2155550101 ou nom@courriel.com",Sign in
Account Activation,Activación de cuenta,Activation du compte,Sign in
Activate Account,Activar cuenta,Activer le compte,Sign in
Activating...,Activando...,Activation...,Sign in
"After too many wrong tries, sign-in stops for 15 minutes. Ask your trainer for help.","Después de demasiados intentos equivocados, el inicio de sesión se detiene por 15 minutos. Pídale ayuda a su capacitador.","Après trop d'essais incorrects, la connexion est bloquée pendant 15 minutes. Demandez de l'aide à votre formateur.","Sign in, under the PIN box from the third wrong try"
and can be used once.,y se puede usar una sola vez.,et ne peut servir qu'une fois.,Sign in
Ask your supervisor to confirm your badge number.,Pida a su supervisor que confirme su número de empleado.,Demandez à votre superviseur de confirmer votre numéro de badge.,Sign in
Back to Login,Volver al inicio de sesión,Retour à la connexion,Sign in
Back to Sign In,Volver al inicio de sesión,Retour à la connexion,Sign in
Badge Number,Número de empleado,Numéro de badge,"Sign in, Profile"
Badge number,Número de empleado,Numéro de badge,Sign in
"Badge Number, Phone or Email","Número de empleado, teléfono o correo","Numéro de badge, téléphone ou courriel",Sign in
Checking your link...,Revisando su enlace...,Vérification de votre lien...,Sign in
Choose your new 4-digit PIN.,Elija su nuevo PIN de 4 dígitos.,Choisissez votre nouveau code PIN à 4 chiffres.,Sign in
Confirm PIN,Confirmar PIN,Confirmer le code PIN,Sign in
Confirm PIN *,Confirmar PIN *,Confirmer le code PIN *,Sign in
Confirm your badge number and choose your 4-digit PIN.,Confirme su número de empleado y elija su PIN de 4 dígitos.,Confirmez votre numéro de badge et choisissez votre code PIN à 4 chiffres.,Sign in
Contact your supervisor to have a new link sent.,Hable con su supervisor para que le envíen un enlace nuevo.,Demandez à votre superviseur de vous envoyer un nouveau lien.,Sign in
Could not reach OCSA. Check your connection and try again.,No se pudo conectar con OCSA. Revise su conexión e intente de nuevo.,Impossible de joindre OCSA. Vérifiez votre connexion et réessayez.,Sign in
Dark Mode,Modo oscuro,Mode sombre,Sign in
Email Address,Correo electrónico,Adresse courriel,Sign in
Email Address *,Correo electrónico *,Adresse courriel *,Sign in
"Enter the badge number, phone number or email address on your account and we will email you a link to choose a new PIN.","Escriba el número de empleado, teléfono o correo de su cuenta y le enviaremos un enlace para elegir un PIN nuevo.","Entrez le numéro de badge, le téléphone ou le courriel de votre compte et nous vous enverrons un lien pour choisir un nouveau code PIN.",Sign in
"Enter your badge number, phone number or email address.","Escriba su número de empleado, teléfono o correo electrónico.","Entrez votre numéro de badge, votre téléphone ou votre courriel.",Sign in
Fill in {field}.,Complete {field}.,Remplissez {field}.,Sign in
First Name,Nombre,Prénom,Sign in
First name,Nombre,Prénom,Sign in
First Name *,Nombre *,Prénom *,Sign in
Forgot your PIN?,¿Olvidó su PIN?,Code PIN oublié ?,Sign in
Forgotten your badge number? You can also sign in with your phone number or your email address.,¿Olvidó su número de empleado? También puede entrar con su teléfono o su correo electrónico.,Numéro de badge oublié ? Vous pouvez aussi vous connecter avec votre téléphone ou votre courriel.,Sign in
Got a sign-in slip from OCSA? Go back and sign in with it.,¿Le dieron una hoja para iniciar sesión? Regrese e inicie sesión con ella.,Vous avez reçu une fiche de connexion d'OCSA ? Revenez en arrière et connectez-vous avec.,"Register, above the form"
"If that matches an account on file, a reset link is on its way. The link is good for one hour.","Si eso coincide con una cuenta registrada, le enviamos un enlace. El enlace sirve por una hora.","Si cela correspond à un compte enregistré, un lien est en route. Le lien est valable une heure.",Sign in
"If you do not have an email address on file, no link can reach you. Contact your supervisor to have your PIN reset directly.","Si no tiene un correo registrado, no hay cómo enviarle el enlace. Hable con su supervisor para que le restablezca el PIN directamente.","Si vous n'avez pas de courriel enregistré, aucun lien ne peut vous parvenir. Demandez à votre superviseur de réinitialiser votre code PIN directement.",Sign in
Language,Idioma,Langue,"Sign in, Settings"
Last Name,Apellido,Nom,Sign in
Last name,Apellido,Nom,Sign in
Light Mode,Modo claro,Mode clair,Sign in
Loading...,Cargando...,Chargement...,"Sign in, Schedule, Pickup, Inspect, Notifications"
name@email.com,nombre@correo.com,nom@courriel.com,Sign in
New Employee? Register Here,¿Empleado nuevo? Regístrese aquí,Nouvel employé ? Inscrivez-vous ici,Sign in
New PIN (4 digits),PIN nuevo (4 dígitos),Nouveau code PIN (4 chiffres),Sign in
New Staff Registration,Registro de personal nuevo,Inscription du personnel,Sign in
No email on file? A link cannot reach you. Ask your supervisor to reset your PIN.,¿No tiene correo registrado? No le puede llegar un enlace. Pida a su supervisor que restablezca su PIN.,Pas de courriel enregistré ? Aucun lien ne peut vous parvenir. Demandez à votre superviseur de réinitialiser votre code PIN.,"Forgot your PIN, under the field"
Not you? Sign out,¿No es usted? Cerrar sesión,Ce n'est pas vous ? Se déconnecter,Sign in
Phone Number,Número de teléfono,Numéro de téléphone,Sign in
Phone Number *,Número de teléfono *,Numéro de téléphone *,Sign in
PIN,PIN,Code PIN,Sign in
PIN (4 digits),PIN (4 dígitos),Code PIN (4 chiffres),Sign in
PIN (4 digits) *,PIN (4 dígitos) *,Code PIN (4 chiffres) *,Sign in
PIN saved. Signing you in...,PIN guardado. Iniciando su sesión...,Code PIN enregistré. Connexion en cours...,Sign in
PIN set. Signing you in...,PIN guardado. Iniciando su sesión...,Code PIN enregistré. Connexion en cours...,Sign in
Register,Registrarse,S'inscrire,Sign in
Registering...,Registrando...,Inscription...,Sign in
Request a New Link,Pedir un enlace nuevo,Demander un nouveau lien,Sign in
Reset Your PIN,Restablecer su PIN,Réinitialiser votre code PIN,Sign in
Save PIN,Guardar PIN,Enregistrer le code PIN,Sign in
Saving...,Guardando...,Enregistrement...,"Sign in, Settings, Profile"
Send Reset Link,Enviar enlace,Envoyer le lien,Sign in
Sending...,Enviando...,Envoi...,"Sign in, Speak Up"
Set your own PIN. The PIN you were given is known to your supervisor. Choose a new one that only you know.,Elija su propio PIN. Su supervisor conoce el PIN que le dieron. Elija uno nuevo que solo usted sepa.,Choisissez votre propre code PIN. Votre superviseur connaît le code PIN qu'on vous a donné. Choisissez-en un nouveau que personne d'autre ne connaît.,Sign in
Set Your PIN,Elija su PIN,Choisissez votre code PIN,Sign in
Sign In,Iniciar sesión,Se connecter,Sign in
Signing in will work once your account is active.,Podrá iniciar sesión cuando su cuenta esté activa.,Vous pourrez vous connecter quand votre compte sera actif.,Sign in
Signing in...,Iniciando sesión...,Connexion...,Sign in
Enter the code we emailed to {0},Escriba el código que enviamos a {0},Saisissez le code que nous avons envoyé à {0},"Sign in, the code an office account is asked for on a new device"
Verify,Verificar,Vérifier,"Sign in, the code"
Send a new code,Enviar un código nuevo,Envoyer un nouveau code,"Sign in, the code"
Remember this device for 30 days,Recordar este dispositivo por 30 días,Se souvenir de cet appareil pendant 30 jours,"Sign in, the code"
{n} tries left,Le quedan {n} intentos,Il vous reste {n} essais,"Sign in, the code, after a wrong code"
1 try left,Le queda 1 intento,Il vous reste 1 essai,"Sign in, the code, after a wrong code"
Something went wrong on our end. Try again in a minute.,Hubo un problema de nuestro lado. Intente de nuevo en un minuto.,Un problème est survenu de notre côté. Réessayez dans une minute.,Sign in
Staff Operations Portal,Portal del Personal,Portail du personnel,Sign in
The number on the email we sent you.,El número que aparece en el correo que le enviamos.,Le numéro indiqué dans le courriel que nous vous avons envoyé.,Sign in
The two PINs do not match. Type the same 4 digits in both fields.,Los dos PIN no coinciden. Escriba los mismos 4 dígitos en las dos casillas.,Les deux codes PIN ne correspondent pas. Tapez les mêmes 4 chiffres dans les deux champs.,"Sign in, Settings"
This activation link is incomplete. Open the link from your email again.,Este enlace de activación está incompleto. Abra el enlace de su correo otra vez.,Ce lien d'activation est incomplet. Ouvrez de nouveau le lien de votre courriel.,Sign in
"This link is no longer valid. Links expire, and each one can only be used once.",Este enlace ya no sirve. Los enlaces vencen y cada uno se puede usar una sola vez.,Ce lien n'est plus valable. Les liens expirent et chacun ne peut servir qu'une fois.,Sign in
This link works until,Este enlace sirve hasta,Ce lien est valable jusqu'au,Sign in
This reset link is incomplete. Open the link from your email again.,Este enlace de restablecimiento está incompleto. Abra el enlace de su correo otra vez.,Ce lien de réinitialisation est incomplet. Ouvrez de nouveau le lien de votre courriel.,Sign in
Try Again,Intentar de nuevo,Réessayer,Sign in
"Welcome back, {name}.","Bienvenido de nuevo, {name}.","Bon retour, {name}.",Sign in
"Welcome, {name}.","Bienvenido, {name}.","Bienvenue, {name}.",Sign in
Your account is activated but not currently active. Contact your supervisor.,Su cuenta está activada pero no está activa en este momento. Hable con su supervisor.,Votre compte est activé mais il n'est pas actif pour le moment. Contactez votre superviseur.,Sign in
Your PIN has been changed. Contact your supervisor about your account status.,Su PIN fue cambiado. Hable con su supervisor sobre el estado de su cuenta.,Votre code PIN a été changé. Contactez votre superviseur au sujet de l'état de votre compte.,Sign in
Your PIN has been saved. Signing in will work once your account is active.,Su PIN se guardó. Podrá iniciar sesión cuando su cuenta esté activa.,Votre code PIN est enregistré. Vous pourrez vous connecter quand votre compte sera actif.,Sign in
PIN must be exactly 4 digits.,El PIN debe tener exactamente 4 dígitos.,Le code PIN doit contenir exactement 4 chiffres.,"Sign in, Settings"
Four of the same digit is too easy to guess. Use a mix of digits.,Cuatro dígitos iguales son muy fáciles de adivinar. Use dígitos distintos.,Quatre chiffres identiques sont trop faciles à deviner. Utilisez des chiffres différents.,"Sign in, Settings"
"Digits in a row, like 1234 or 4321, are too easy to guess. Use a different order.","Los dígitos seguidos, como 1234 o 4321, son muy fáciles de adivinar. Use otro orden.","Les chiffres à la suite, comme 1234 ou 4321, sont trop faciles à deviner. Utilisez un autre ordre.","Sign in, Settings"
Your PIN cannot be your badge number or its last four digits.,Su PIN no puede ser su número de empleado ni sus últimos cuatro dígitos.,Votre code PIN ne peut pas être votre numéro de badge ni ses quatre derniers chiffres.,"Sign in, Settings"
Enter the badge number from your email.,Escriba el número de empleado que aparece en su correo.,Entrez le numéro de badge indiqué dans votre courriel.,Sign in
A new version is ready,Hay una versión nueva lista,Une nouvelle version est prête,"App wide, the update bar"
Add {app} to your home screen,Agregue {app} a su pantalla de inicio,Ajoutez {app} à votre écran d'accueil,"App wide, the install sheet"
Confirm on the next screen.,Confirme en la siguiente pantalla.,Confirmez sur l'écran suivant.,"App wide, the install sheet"
Copied,Copiado,Copié,"App wide, the install sheet"
Copy address,Copiar la dirección,Copier l'adresse,"App wide, the install sheet"
Could not find your open shift. Reload and try again.,No se encontró su turno abierto. Recargue e intente de nuevo.,Votre service ouvert est introuvable. Rechargez la page et réessayez.,App wide
Don't show again,No mostrar más,Ne plus afficher,"App wide, the install sheet"
Edit shortcuts,Editar accesos directos,Modifier les raccourcis,"App wide, Settings"
End your shift at {site}?,¿Terminar su turno en {site}?,Terminer votre service à {site} ?,App wide
Extra large,Más grande,Très grand,App wide
Install,Instalar,Installer,"App wide, the install sheet"
Issue reported,Problema reportado,Problème signalé,App wide
"It opens like an app, one tap from your home screen.","Se abre como una aplicación, con un toque desde su pantalla de inicio.","Elle s'ouvre comme une application, en un geste depuis votre écran d'accueil.","App wide, the install sheet"
Large,Grande,Grand,App wide
Largest,El más grande,Le plus grand,App wide
Low stock alert!,¡Aviso de poco inventario!,Alerte : stock bas !,App wide
More,Más,Plus,"App wide, Shortcuts, Bar and More"
Not now,Ahora no,Pas maintenant,"App wide, the install sheet"
Notifications,Notificaciones,Notifications,"App wide, Notifications"
ON SITE,EN SITIO,SUR PLACE,App wide
Open the browser menu. It is usually three dots at the top right.,Abra el menú del navegador. Casi siempre son tres puntos arriba a la derecha.,Ouvrez le menu du navigateur. Ce sont souvent trois points en haut à droite.,"App wide, the install sheet"
PIN updated,PIN actualizado,Code PIN mis à jour,"App wide, Settings"
Profile,Perfil,Profil,"App wide, header"
Registration submitted. Pending supervisor approval.,Registro enviado. Pendiente de aprobación de su supervisor.,Inscription envoyée. En attente de l'accord de votre superviseur.,App wide
Reload,Volver a cargar,Recharger,The error boundary's button
Request submitted,Solicitud enviada,Demande envoyée,App wide
Scroll down and tap Add to Home Screen.,Baje y toque Agregar a la pantalla de inicio.,Faites défiler vers le bas et appuyez sur « Sur l'écran d'accueil ».,"App wide, the install sheet"
Select a site first,Primero elija un sitio,Choisissez d'abord un site,App wide
Settings,Ajustes,Paramètres,"App wide, Settings, Bar and More"
Shift ended,Turno terminado,Service terminé,App wide
Shift ended at {time},Turno terminado a las {time},Service terminé à {time},App wide
Shift started,Turno iniciado,Service commencé,App wide
Shortcuts saved,Accesos directos guardados,Raccourcis enregistrés,App wide
Sign out,Cerrar sesión,Se déconnecter,"App wide, header"
Something went wrong on this screen.,Algo salió mal en esta pantalla.,Un problème est survenu sur cet écran.,The error boundary
Standard,Normal,Normal,App wide
Tap Add or Install.,Toque Agregar o Instalar.,Appuyez sur « Ajouter » ou « Installer ».,"App wide, the install sheet"
Tap Add to Home screen or Install app.,Toque Agregar a la pantalla de inicio o Instalar aplicación.,Appuyez sur « Ajouter à l'écran d'accueil » ou « Installer l'application ».,"App wide, the install sheet"
Tap Add to Home Screen.,Toque Agregar a la pantalla de inicio.,Appuyez sur « Sur l'écran d'accueil ».,"App wide, the install sheet"
Tap Add.,Toque Agregar.,Appuyez sur « Ajouter ».,"App wide, the install sheet"
Tap Install below.,Toque Instalar abajo.,Appuyez sur « Installer » ci-dessous.,"App wide, the install sheet"
"Tap Share {share} at the bottom of the screen. If you do not see it, tap the three dots first, then Share.","Toque Compartir {share} abajo en la pantalla. Si no lo ve, toque primero los tres puntos y luego Compartir.","Appuyez sur « Partager » {share} en bas de l'écran. Si vous ne le voyez pas, appuyez d'abord sur les trois points, puis sur « Partager ».","App wide, the install sheet"
Tap the Share button {share} in the address bar.,Toque el botón Compartir {share} en la barra de direcciones.,Appuyez sur le bouton « Partager » {share} dans la barre d'adresse.,"App wide, the install sheet"
Task completed,Tarea completada,Tâche terminée,App wide
Task unchecked,Tarea desmarcada,Tâche décochée,App wide
Task updated to {status},Estado de la tarea: {status},Statut de la tâche : {status},App wide
"That sign-in did not match. Check your badge, phone or email and your PIN.","Esos datos no coinciden. Revise su número de empleado, teléfono o correo y su PIN.","Ces informations ne correspondent pas. Vérifiez votre badge, votre téléphone ou votre courriel, et votre code PIN.",App wide
This list did not load.,Esta lista no se cargó.,Cette liste ne s'est pas chargée.,"Assigned, Supplies, Schedule, Report, Pickup, Inspect, when a list fails"
"This page is open inside another app. Open it in Safari or Chrome first, then add it to your home screen.",Esta página está abierta dentro de otra aplicación. Ábrala primero en Safari o Chrome y luego agréguela a su pantalla de inicio.,"Cette page est ouverte dans une autre application. Ouvrez-la d'abord dans Safari ou Chrome, puis ajoutez-la à votre écran d'accueil.","App wide, the install sheet"
This shift was already ended,Este turno ya estaba terminado,Ce service était déjà terminé,App wide
this site,este sitio,ce site,App wide
Update now,Actualizar ahora,Mettre à jour,"App wide, the update bar"
"Welcome, {name}","Bienvenido, {name}","Bienvenue, {name}",App wide
{count} unread notifications,{count} notificaciones sin leer,{count} notifications non lues,App wide
{brand} Staff Portal,Portal del Personal de {brand},Portail du personnel {brand},"App wide, the page title"
Could not read image,No se pudo leer la imagen,Impossible de lire l'image,"App wide, Profile"
Compression failed,No se pudo preparar la foto,Impossible de préparer la photo,"App wide, Profile"
Custodian,Conserje,Agent d'entretien,"App wide, header, Profile"
Custodial Lead,Líder de conserjes,Chef d'équipe d'entretien,"App wide, header, Profile"
Lead,Líder,Chef d'équipe,"App wide, header, Profile"
Supervisor,Supervisor,Superviseur,"App wide, header, Profile"
Admin,Administrador,Administrateur,"App wide, header, Profile"
Custodial Laborer,Conserje,Agent d'entretien,"App wide, header, Profile, Chat"
Day Porter,Conserje de día,Agent d'entretien de jour,"App wide, header, Profile, Chat"
Contractor,Contratista,Sous-traitant,"App wide, header, Profile, Chat"
in progress,en proceso,en cours,"App wide, Assigned"
resolved,resuelta,résolue,"App wide, Assigned"
unable to resolve,sin resolver,non résolue,"App wide, Assigned"
All Other Sites,Todos los demás sitios,Tous les autres sites,Home
Choose a Site to Start,Elija un sitio para comenzar,Choisissez un site pour commencer,Home
Drop requested,Pidió dejarlo,Retrait demandé,"Home, Schedule"
End Shift,Terminar turno,Terminer le service,Home
Ending...,Terminando...,Fin en cours...,Home
Floor {n},Piso {n},Étage {n},"Home, Tasks, Assigned"
Loading sites...,Cargando sitios...,Chargement des sites...,Home
No sites available yet.,Todavía no hay sitios disponibles.,Aucun site disponible pour le moment.,Home
requested,solicitada,demandé,"Home, Schedule"
Scheduled Today,Programado para hoy,Prévu aujourd'hui,Home
Shift Open at {site},Turno abierto en {site},Service ouvert à {site},Home
Start Shift,Comenzar turno,Commencer le service,Home
Start Shift at {site},Comenzar turno en {site},Commencer le service à {site},Home
Started at {time},Comenzó a las {time},Commencé à {time},Home
Started {day} at {time},Comenzó el {day} a las {time},Commencé {day} à {time},Home
Starting...,Comenzando...,Démarrage...,Home
Time off,Tiempo libre,Congé,"Home, Schedule"
Time on Site,Tiempo en el sitio,Temps sur place,Home
You asked to drop this shift. Waiting for a decision.,Usted pidió dejar este turno. Espera una decisión.,Vous avez demandé à vous retirer de ce service. En attente d'une décision.,"Home, Schedule"
Your Assigned Sites,Sus sitios asignados,Vos sites attribués,Home
A shift is still open at {site}. End it before starting another.,Todavía hay un turno abierto en {site}. Termínelo antes de comenzar otro.,Un service est encore ouvert à {site}. Terminez-le avant d'en commencer un autre.,Home
A shift is still open. End it before starting another.,Todavía hay un turno abierto. Termínelo antes de comenzar otro.,Un service est encore ouvert. Terminez-le avant d'en commencer un autre.,Home
Your sites did not load.,Sus sitios no se cargaron.,Vos sites ne se sont pas chargés.,"Home, when the sites request fails"
 (live), (en curso), (en cours),Schedule
 ({h}h), ({h} h), ({h} h),Schedule
Any additional details...,Cualquier detalle adicional...,Autres détails...,Schedule
approved,aprobado,approuvé,Schedule
Approved,Aprobada,Approuvée,Schedule
Asked,Fecha de solicitud,Demandé le,Schedule
Bereavement and personal,Duelo y asuntos personales,Deuil et raisons personnelles,"Schedule, from the API"
Building,Edificio,Bâtiment,Schedule
Cancel,Cancelar,Annuler,"Schedule, Assigned, Report, Supplies, Shortcuts, Profile"
Cancel request,Cancelar solicitud,Annuler la demande,Schedule
Cancel this time off request?,¿Cancelar esta solicitud de tiempo libre?,Annuler cette demande de congé ?,Schedule
Cancelled,Cancelada,Annulée,Schedule
Choose a type,Elija un tipo,Choisissez un type,Schedule
claimed,tomado,pris,Schedule
Close,Cerrar,Fermer,"Schedule, Forms, Shortcuts, Notifications"
Completed,Completado,Terminé,Schedule
Dates,Fechas,Dates,Schedule
Decided,Fecha de decisión,Décidé le,Schedule
Denied,Denegada,Refusée,Schedule
Describe the reason,Describa el motivo,Décrivez la raison,Schedule
Drop Request,Solicitud para dejar el turno,Demande de retrait,Schedule
Drop request failed,No se pudo enviar la solicitud,La demande n'a pas pu être envoyée,Schedule
Drop request sent. Your supervisor will review it.,Solicitud enviada. Su supervisor la revisará.,Demande envoyée. Votre superviseur va l'examiner.,Schedule
Duration,Duración,Durée,Schedule
Emergency,Emergencia,Urgence,Schedule
End,Fin,Fin,Schedule
First day,Primer día,Premier jour,Schedule
Floor,Piso,Étage,"Schedule, Tasks"
"For example, 8","Por ejemplo, 8","Par exemple, 8",Schedule
From,Desde,De,Schedule
Hours,Horas,Heures,Schedule
Hours (optional),Horas (opcional),Heures (facultatif),Schedule
Jury duty,Servicio de jurado,Devoir de juré,"Schedule, from the API"
Keep it,Conservarla,La garder,Schedule
Last day,Último día,Dernier jour,Schedule
Military leave,Licencia militar,Congé militaire,"Schedule, from the API"
Month,Mes,Mois,Schedule
My Schedule,Mi horario,Mon planning,Schedule
My time off,Mi tiempo libre,Mes congés,Schedule
N/A,No disponible,Non disponible,Schedule
No note,Sin nota,Aucune note,Schedule
No reason given,No dio un motivo,Aucune raison donnée,Schedule
No time off requests yet.,Todavía no tiene solicitudes de tiempo libre.,Aucune demande de congé pour le moment.,Schedule
Not given,No indicado,Non indiqué,Schedule
Note,Nota,Note,Schedule
Note: {note},Nota: {note},Note : {note},Schedule
Notes,Notas,Notes,Schedule
Notes (optional),Notas (opcional),Notes (facultatif),Schedule
Nothing scheduled this day.,No hay nada programado este día.,Rien de prévu ce jour-là.,"Home, Schedule, the day sheet of a day with nothing"
On Site,En sitio,Sur place,Schedule
Only you and the person who approves time off can read this.,Solo usted y la persona que aprueba el tiempo libre pueden leer esto.,Seuls vous et la personne qui approuve les congés pouvez lire ceci.,Schedule
Other,Otro,Autre,Schedule
Paid sick leave,Licencia por enfermedad pagada,Congé maladie payé,"Schedule, from the API"
Part of the day,Parte del día,Une partie de la journée,Schedule
Personal,Asunto personal,Raison personnelle,Schedule
Pickup,Turnos libres,Services libres,"Schedule, Bar and More"
Pickup Shift,Turno tomado,Service pris,Schedule
Reason,Motivo,Raison,Schedule
Reason (optional),Motivo (opcional),Raison (facultatif),Schedule
Request time off,Solicitar tiempo libre,Demander un congé,Schedule
Request to Drop This Shift,Pedir dejar este turno,Demander le retrait de ce service,Schedule
Requested,Solicitada,Demandée,Schedule
Scheduled,Programado,Prévu,"Schedule, Inspect"
Scheduled Shift,Turno programado,Service prévu,Schedule
Scheduling Conflict,Conflicto de horario,Conflit d'horaire,Schedule
Send request,Enviar solicitud,Envoyer la demande,Schedule
Service,Servicio,Prestation,Schedule
Shift End,Fin del turno,Fin du service,Schedule
Shift Start,Inicio del turno,Début du service,Schedule
Shifts on these days,Turnos en estos días,Services ces jours-là,Schedule
Showing your latest 50 requests.,Mostrando sus 50 solicitudes más recientes.,Vos 50 demandes les plus récentes sont affichées.,Schedule
Sick,Enfermedad,Maladie,Schedule
Site,Sitio,Site,"Schedule, Assigned, Report"
Specify Reason,Indique el motivo,Précisez la raison,Schedule
Start,Inicio,Début,Schedule
Status,Estado,Statut,Schedule
Still on site,Todavía en sitio,Encore sur place,Schedule
Submit Request,Enviar solicitud,Envoyer la demande,"Schedule, Supplies"
Time,Hora,Heure,Schedule
Time off request,Solicitud de tiempo libre,Demande de congé,Schedule
Time off request cancelled.,Solicitud de tiempo libre cancelada.,Demande de congé annulée.,Schedule
Time off requested. You get a notice when it is decided.,Tiempo libre solicitado. Recibirá un aviso cuando se decida.,Congé demandé. Vous recevrez un avis quand une décision sera prise.,Schedule
To,Hasta,À,Schedule
Today,Hoy,Aujourd'hui,"Schedule, Tasks"
Type,Tipo,Type,Schedule
Unpaid time off,Tiempo libre sin pago,Congé sans solde,"Schedule, from the API"
Week,Semana,Semaine,Schedule
Worked,Trabajado,Effectué,Schedule
Worked Shift,Turno trabajado,Service effectué,Schedule
You get a notice in the app when your request is decided.,Recibirá un aviso en la aplicación cuando se decida su solicitud.,Vous recevrez un avis dans l'application quand une décision sera prise sur votre demande.,Schedule
"Your supervisor will review this request. If approved, the shift will be opened for pickup or reassigned.","Su supervisor revisará esta solicitud. Si la aprueba, el turno se abrirá para que otra persona lo tome o se reasignará.","Votre superviseur va examiner cette demande. Si elle est approuvée, le service sera proposé à quelqu'un d'autre ou réattribué.",Schedule
{h}h {m}m,{h} h {m} min,{h} h {m} min,Schedule
{n} hour,{n} hora,{n} heure,Schedule
{n} hours,{n} horas,{n} heures,Schedule
{start} to {end},{start} a {end},{start} à {end},"Schedule, Pickup, Tasks"
"{start} to {end}, {year}","{start} a {end}, {year}",{start} à {end} {year},Schedule
Pending,Pendiente,En attente,"Schedule, Pickup"
Claimed,Tomado,Pris,"Schedule, Pickup"
Filled,Cubierto,Pourvu,"Schedule, Pickup"
Back to checklist,Volver a la lista,Retour à la liste,Tasks
Due Date:,Fecha límite:,Date limite :,Tasks
Instructions,Instrucciones,Instructions,Tasks
Loading tasks...,Cargando tareas...,Chargement des tâches...,Tasks
Mark Complete,Marcar como completada,Marquer comme terminée,Tasks
Mark {name} done,Marcar {name} como completada,Marquer {name} comme terminée,Tasks
Mark {name} not done,Desmarcar {name},Décocher {name},Tasks
No checklist is set up for this building yet.,Este edificio todavía no tiene una lista de tareas.,Aucune liste de tâches n'est encore prévue pour ce bâtiment.,Tasks
No tasks loaded. Start your shift at a site to see your checklist.,No hay tareas. Comience su turno en un sitio para ver su lista.,Aucune tâche chargée. Commencez votre service sur un site pour voir votre liste.,Tasks
PRIORITY,PRIORIDAD,PRIORITÉ,Tasks
Reference Photo,Foto de referencia,Photo de référence,Tasks
Reference Video,Video de referencia,Vidéo de référence,Tasks
Start your shift to see and check off your tasks.,Comience su turno para ver y marcar sus tareas.,Commencez votre service pour voir et cocher vos tâches.,Tasks
Task reference,Referencia de la tarea,Référence de la tâche,Tasks
Time:,Hora:,Heure :,Tasks
Try again,Intentar de nuevo,Réessayer,"Tasks, Help, Speak Up, Forms, Notifications"
Uncheck Task,Desmarcar tarea,Décocher la tâche,Tasks
Your Assignment,Su asignación,Votre affectation,Tasks
Your tasks did not load.,Sus tareas no cargaron.,Vos tâches ne se sont pas chargées.,Tasks
General,General,Général,"Tasks, Assigned"
Which shift are you working?,¿Qué turno está trabajando?,Quel service faites-vous ?,Tasks
Chosen by the time you started. Change it if it is wrong.,Elegido según la hora en que empezó. Cámbielo si no es correcto.,Choisi selon l'heure où vous avez commencé. Changez-le s'il n'est pas bon.,Tasks
Use this shift,Usar este turno,Choisir ce service,Tasks
Change shift,Cambiar turno,Changer de service,Tasks
This week,Esta semana,Cette semaine,Tasks
Every two weeks,Cada dos semanas,Toutes les deux semaines,Tasks
This month,Este mes,Ce mois-ci,Tasks
This quarter,Este trimestre,Ce trimestre,Tasks
This season,Esta temporada,Cette saison,Tasks
As needed,Según se necesite,Selon les besoins,Tasks
{done} of {total} done,{done} de {total} hechas,{done} sur {total} terminées,Tasks
Done today by {firstName},Hecho hoy por {firstName},Fait aujourd'hui par {firstName},Tasks
Done yesterday by {firstName},Hecho ayer por {firstName},Fait hier par {firstName},Tasks
Done {weekday} by {firstName},Hecho el {weekday} por {firstName},Fait {weekday} par {firstName},Tasks
Done {date} by {firstName},Hecho el {date} por {firstName},Fait le {date} par {firstName},Tasks
Checked by {firstName},Marcado por {firstName},Coché par {firstName},Tasks
Only the person who checked this can uncheck it.,Solo la persona que marcó esta tarea puede desmarcarla.,Seule la personne qui a coché cette tâche peut la décocher.,Tasks
Admin (Private),Administración (privado),Administration (privé),Chat
No chats are set up for you yet. Ask your supervisor.,Todavía no hay chats para usted. Pregunte a su supervisor.,Aucune discussion n'est encore prévue pour vous. Demandez à votre superviseur.,Chat
No messages yet.,Todavía no hay mensajes.,Aucun message pour le moment.,Chat
No one else can read this chat.,Nadie más puede leer este chat.,Personne d'autre ne peut lire cette discussion.,"Chat, the picker with nobody in it"
Only you and management can see these messages,Solo usted y la administración ven estos mensajes,Seuls vous et la direction voyez ces messages,Chat
Pick a chat at the top first.,Primero elija un chat arriba.,Choisissez d'abord une discussion en haut.,Chat
Pick a chat to start.,Elija un chat para empezar.,Choisissez une discussion pour commencer.,Chat
Private chats,Chats privados,Discussions privées,Chat
Private conversation with admin.,Conversación privada con la administración.,Conversation privée avec l'administration.,Chat
Private message to admin...,Mensaje privado a la administración...,Message privé à l'administration...,Chat
Tag someone,Etiquetar a alguien,Mentionner quelqu'un,"Chat, the picker opened by typing @ or the tag button"
Type a message...,Escriba un mensaje...,Écrivez un message...,Chat
You cannot send messages in this chat.,No puede enviar mensajes en este chat.,Vous ne pouvez pas envoyer de messages dans cette discussion.,Chat
Your chats did not load. Try again in a minute.,Sus chats no cargaron. Intente de nuevo en un minuto.,Vos discussions ne se sont pas chargées. Réessayez dans une minute.,Chat
Your message was not sent.,Su mensaje no fue enviado.,Votre message n'a pas été envoyé.,Chat
New message,Nuevo mensaje,Nouveau message,"Chat, office people only"
Office,Oficina,Bureau,"Chat, New message"
That chat did not open. Try again.,Ese chat no se abrió. Intente de nuevo.,Cette discussion ne s'est pas ouverte. Réessayez.,"Chat, New message"
Direct messages,Mensajes directos,Messages directs,"Chat, office people only"
Add a photo,Agregar una foto,Ajouter une photo,Help
Based on,Según,D'après,Help
Describe what happened,Describa lo que pasó,Décrivez ce qui s'est passé,Help
Discard,Descartar,Abandonner,Help
Discard this report? It will not be sent.,¿Descartar este reporte? No se enviará.,Abandonner ce rapport ? Il ne sera pas envoyé.,Help
Fill in form,Llenar formulario,Remplir le formulaire,Help
general cleaning guidance,una guía general de limpieza,un guide général de nettoyage,Help
Not sent.,No se envió.,Non envoyé.,Help
Remove photo,Quitar foto,Retirer la photo,"Help, Forms, Inspect"
Report discarded.,Reporte descartado.,Rapport abandonné.,Help
Report in progress,Reporte en proceso,Rapport en cours,Help
Report submitted.,Reporte enviado.,Rapport envoyé.,Help
Resume,Continuar,Reprendre,Help
Retry,Reintentar,Réessayer,Help
Send,Enviar,Envoyer,"Help, Speak Up"
Still needed before you can submit:,Falta esto antes de poder enviar:,Il manque ceci avant de pouvoir envoyer :,Help
Submit report,Enviar reporte,Envoyer le rapport,"Help, Forms"
Submitting...,Enviando...,Envoi...,"Help, Inspect"
Tell me what happened and I will tell you what to do.,Cuénteme qué pasó y le digo qué hacer.,Dites-moi ce qui s'est passé et je vous dirai quoi faire.,Help
Thanks. This helps Help get better.,Gracias. Esto ayuda a mejorar la Ayuda.,Merci. Cela aide à améliorer l'Aide.,Help
the ADP guide,la guía de ADP,le guide ADP,Help
the app guide,la guía de la aplicación,le guide de l'application,Help
The connection dropped. Your answer is saved.,Se perdió la conexión. La respuesta quedó guardada.,La connexion a été coupée. Votre réponse est enregistrée.,Help
"This photo could not be read here. Choose a JPEG or PNG, or take a screenshot of it.","Esta foto no se pudo leer aquí. Elija un JPEG o PNG, o tome una captura de pantalla.","Cette photo ne peut pas être lue ici. Choisissez un JPEG ou un PNG, ou faites une capture d'écran.",Help
Unfinished reports,Reportes sin terminar,Rapports non terminés,Help
Unfinished reports did not load.,Los reportes sin terminar no se cargaron.,Les rapports non terminés ne se sont pas chargés.,Help
Uploading...,Subiendo...,Envoi du fichier...,"Help, Assigned, Report, Inspect"
Was this helpful?,¿Le sirvió?,Cela vous a aidé ?,Help
What was missing?,¿Qué faltó?,Que manquait-il ?,Help
Working from the written procedure only right now.,Por ahora solo se está usando el procedimiento escrito.,"Pour l'instant, seule la procédure écrite est utilisée.",Help
x,x,x,"Help, Assigned, Report, Inspect, Forms"
You can send up to 3 photos with one message.,Puede enviar hasta 3 fotos en un mensaje.,Vous pouvez envoyer jusqu'à 3 photos par message.,Help
{answered} of {total} answered,{answered} de {total} respondidas,Réponses : {answered} sur {total},Help
A photo of the completed task is required,Se necesita una foto de la tarea completada,Une photo de la tâche terminée est obligatoire,Assigned
Assigned,Asignadas,Assignées,"Assigned, Bar and More"
Assigned by,Asignada por,Assignée par,Assigned
Assigned Tasks,Tareas asignadas,Tâches assignées,Assigned
at {time},a las {time},à {time},Assigned
Attached Photo,Foto adjunta,Photo jointe,Assigned
Attached Video,Video adjunto,Vidéo jointe,Assigned
Back to assigned tasks,Volver a las tareas asignadas,Retour aux tâches assignées,Assigned
Cannot Resolve,No se puede resolver,Impossible de résoudre,Assigned
Describe the issue preventing completion...,Describa lo que impide completarla...,Décrivez ce qui empêche de la terminer...,Assigned
Describe the steps you took...,Describa los pasos que siguió...,Décrivez les étapes que vous avez suivies...,Assigned
Describe what you did to complete this task,Describa lo que hizo para completar esta tarea,Décrivez ce que vous avez fait pour terminer cette tâche,Assigned
Description,Descripción,Description,Assigned
Due Date,Fecha límite,Date limite,Assigned
Due:,Para:,Échéance :,Assigned
Explain why this cannot be completed *,Explique por qué no se puede completar *,Expliquez pourquoi elle ne peut pas être terminée *,Assigned
In Progress,En proceso,En cours,Assigned
ISSUE,PROBLEMA,PROBLÈME,Assigned
Mark as Resolved,Marcar como resuelta,Marquer comme résolue,Assigned
No assigned tasks right now.,No hay tareas asignadas en este momento.,Aucune tâche assignée pour le moment.,Assigned
Photo must be under 10MB,La foto debe pesar menos de 10 MB,La photo doit faire moins de 10 Mo,"Assigned, Report"
Photo of completed task *,Foto de la tarea completada *,Photo de la tâche terminée *,Assigned
Please provide a reason,Indique un motivo,Indiquez une raison,Assigned
Preview,Vista previa,Aperçu,"Assigned, Report"
Reported by,Reportada por,Signalée par,Assigned
Required to verify completion,Se necesita para comprobar que se completó,Nécessaire pour vérifier que c'est terminé,Assigned
Resolved,Resuelta,Résolue,Assigned
Submit,Enviar,Envoyer,Assigned
Submit Resolution,Enviar resolución,Envoyer la résolution,Assigned
Take Photo of Completed Task,Tomar foto de la tarea completada,Prendre une photo de la tâche terminée,Assigned
Task,Tarea,Tâche,Assigned
What did you do to complete this? *,¿Qué hizo para completarla? *,Qu'avez-vous fait pour la terminer ? *,Assigned
"When a supervisor assigns a task to you, it will appear here.","Cuando un supervisor le asigne una tarea, aparecerá aquí.","Quand un superviseur vous assigne une tâche, elle apparaît ici.",Assigned
{n} task assigned to you,{n} tarea asignada a usted,{n} tâche vous est assignée,Assigned
{n} tasks assigned to you,{n} tareas asignadas a usted,{n} tâches vous sont assignées,Assigned
Unable to resolve,Sin resolver,Non résolue,Assigned
Medium,Media,Moyenne,"Assigned, Report"
Critical,Crítica,Critique,Assigned
+ Report,+ Reportar,+ Signaler,Report
Additional details...,Detalles adicionales...,Autres détails...,Report
Brief description,Descripción breve,Brève description,Report
Details,Detalles,Détails,"Report, Supplies"
"e.g. Restroom, Lobby","por ejemplo: baño, recepción","par exemple : toilettes, hall d'entrée",Report
Enter issue title,Escriba un título para el problema,Entrez un titre pour le problème,Report
High,Alta,Haute,"Report, Supplies"
Issues,Problemas,Problèmes,"Report, Bar and More"
"JPG, PNG up to 10MB",JPG o PNG hasta 10 MB,"JPG ou PNG, 10 Mo maximum","Report, Forms, Inspect"
Low,Baja,Basse,"Report, Supplies"
Med,Media,Moy.,Report
No issues reported yet.,Todavía no se ha reportado ningún problema.,Aucun problème signalé pour le moment.,Report
Photo,Foto,Photo,Report
Photo attached:,Foto adjunta:,Photo jointe :,Report
Report an Issue,Reportar un problema,Signaler un problème,Report
Select a site,Elija un sitio,Choisissez un site,Report
Select site...,Elija un sitio...,Choisissez un site...,"Report, Inspect"
Severity,Gravedad,Gravité,Report
Submit Issue,Enviar problema,Envoyer le problème,Report
Take Photo or Choose from Gallery,Tomar foto o elegir de la galería,Prendre une photo ou choisir dans la galerie,Report
Title,Título,Titre,Report
Zone,Zona,Zone,Report
Open,Abierto,Ouvert,Report
Closed,Cerrado,Fermé,Report
+ Request,+ Solicitar,+ Demander,Supplies
Damage Report,Reporte de daño,Signalement de dégât,Supplies
Describe the request...,Describa la solicitud...,Décrivez la demande...,Supplies
Enter the item name,Escriba el nombre del artículo,Entrez le nom de l'article,Supplies
Item,Artículo,Article,Supplies
Item Name,Nombre del artículo,Nom de l'article,Supplies
Log Usage,Registrar uso,Noter l'utilisation,Supplies
Log usage or submit a request,Registre el uso o envíe una solicitud,Notez l'utilisation ou envoyez une demande,Supplies
LOW,POCO,BAS,Supplies
New Gear,Equipo nuevo,Nouvel équipement,Supplies
No supplies are set up for this site.,No hay suministros registrados para este sitio.,Aucune fourniture n'est prévue pour ce site.,"Supplies, a site with none"
One less,Uno menos,Un de moins,Supplies
One more,Uno más,Un de plus,Supplies
New Supply,Suministro nuevo,Nouvelle fourniture,Supplies
Normal,Normal,Normale,Supplies
QR,QR,QR,Supplies
Refill,Reposición,Réapprovisionnement,Supplies
Request Type,Tipo de solicitud,Type de demande,Supplies
Select a request type,Elija un tipo de solicitud,Choisissez un type de demande,Supplies
Select supply...,Elija un artículo...,Choisissez un article...,Supplies
Start your shift to log usage. Requests can be submitted anytime.,Comience su turno para registrar el uso. Las solicitudes se pueden enviar en cualquier momento.,Commencez votre service pour noter l'utilisation. Les demandes peuvent être envoyées à tout moment.,Supplies
Supplies,Suministros,Fournitures,"Supplies, Bar and More"
Supply Item,Artículo,Article,Supplies
Supply Tracking,Control de suministros,Suivi des fournitures,Supplies
Supply/Gear Request,Solicitud de suministros o equipo,Demande de fournitures ou d'équipement,Supplies
This Shift's Log,Registro de este turno,Relevé de ce service,Supplies
Urgency,Urgencia,Urgence,Supplies
Urgent,Urgente,Urgente,Supplies
What do you need?,¿Qué necesita?,De quoi avez-vous besoin ?,Supplies
Approved. You are scheduled for this shift.,Aprobado. Está programado para este turno.,Approuvé. Ce service est prévu pour vous.,Pickup
Available,Disponibles,Disponibles,Pickup
Bldg:,Edificio:,Bât. :,Pickup
Callout,Ausencia,Absence,Pickup
Check back later for available pickup shifts at your assigned sites.,Vuelva más tarde para ver turnos libres en los sitios que tiene asignados.,Revenez plus tard pour voir les services libres sur vos sites attribués.,Pickup
Claim This Shift,Tomar este turno,Prendre ce service,Pickup
Claiming...,Tomando...,Prise en cours...,Pickup
Extra Coverage,Cobertura adicional,Renfort,Pickup
Floor:,Piso:,Étage :,Pickup
My Pickups,Los míos,Mes services,Pickup
New Shift,Turno nuevo,Nouveau service,Pickup
No claimed shifts,No tiene turnos tomados,Aucun service pris,Pickup
No open shifts right now,No hay turnos libres en este momento,Aucun service libre pour le moment,Pickup
No-Show,No se presentó,Absence sans prévenir,Pickup
Release Shift,Soltar turno,Libérer le service,Pickup
Release this shift? It will go back to the open pool for someone else to claim.,¿Soltar este turno? Volverá a la lista abierta para que otra persona lo tome.,Libérer ce service ? Il retournera dans la liste des services libres pour qu'une autre personne le prenne.,Pickup
Shift claimed (overtime warning: {hours}h this week),Turno tomado (aviso de horas extra: {hours} h esta semana),Service pris (attention aux heures supplémentaires : {hours} h cette semaine),Pickup
Shift claimed successfully!,¡Turno tomado!,Service pris !,Pickup
Shift Pickup Board,Turnos libres,Services libres,Pickup
Shift released,Turno soltado,Service libéré,Pickup
Shifts you claim will appear here.,Los turnos que tome aparecerán aquí.,Les services que vous prenez apparaîtront ici.,Pickup
Start your shift at the normal time and your daily tasks will load automatically.,Comience su turno a la hora de siempre y sus tareas del día cargarán solas.,Commencez votre service à l'heure habituelle et vos tâches du jour se chargeront toutes seules.,Pickup
URGENT,URGENTE,URGENT,Pickup
Voluntary Drop,Turno dejado,Retrait volontaire,Pickup
Waiting for manager approval,Esperando la aprobación del gerente,En attente de l'accord du responsable,Pickup
+ Schedule,+ Programar,+ Planifier,Inspect
Attach Photo,Adjuntar foto,Joindre une photo,Inspect
"General observations, follow-ups needed, etc.","Observaciones generales, seguimientos pendientes, etc.","Observations générales, suivis nécessaires, etc.",Inspect
Inspection scheduled,Inspección programada,Inspection planifiée,Inspect
Inspection sent. {n} problem reported for fixing.,Inspección enviada. {n} problema reportado para arreglar.,Inspection envoyée. {n} problème signalé à réparer.,Inspect
Inspection sent. {n} problems reported for fixing.,Inspección enviada. {n} problemas reportados para arreglar.,Inspection envoyée. {n} problèmes signalés à réparer.,Inspect
Inspection submitted,Inspección enviada,Inspection envoyée,Inspect
Inspections assigned to you will appear here.,Las inspecciones que le asignen aparecerán aquí.,Les inspections qui vous sont assignées apparaîtront ici.,Inspect
My Inspections,Mis inspecciones,Mes inspections,Inspect
Needs a fix,Necesita arreglo,À réparer,Inspect
No inspections pending,No hay inspecciones pendientes,Aucune inspection en attente,Inspect
Not due yet,Todavía no corresponde,Pas encore à faire,Inspect
Not reported: {0},Sin reportar: {0},Non signalé : {0},Inspect
Notes for this item (optional),Notas para este punto (opcional),Notes pour ce point (facultatif),Inspect
Overall Notes,Notas generales,Notes générales,Inspect
Photo attached,Foto adjunta,Photo jointe,Inspect
pts,pts,pts,Inspect
Running total,Total acumulado,Total en cours,Inspect
Say what needs fixing,Diga qué hay que arreglar,Dites ce qu'il faut réparer,Inspect
Schedule Inspection,Programar inspección,Planifier une inspection,Inspect
Scheduled Date *,Fecha programada *,Date prévue *,Inspect
Scheduling...,Programando...,Planification...,Inspect
Scored,Calificados,Notés,Inspect
Select template...,Elija una plantilla...,Choisissez un modèle...,Inspect
Show {0} scored items,Mostrar {0} puntos calificados,Afficher les {0} points notés,Inspect
Sections,Secciones,Sections,Inspect
{scored} of {total} scored,{scored} de {total} calificados,{scored} sur {total} notés,Inspect
Site *,Sitio *,Site *,Inspect
Submit Inspection,Enviar inspección,Envoyer l'inspection,Inspect
Photos,Fotos,Photos,"Inspect, under each card"
Photos of the whole inspection,Fotos de toda la inspección,Photos de l'ensemble de l'inspection,"Inspect, under the last card"
Below 70 percent: add a photo of it.,Menos del 70 por ciento: agregue una foto.,Moins de 70 pour cent : ajoutez une photo.,"Inspect, a card scored under 70 percent with no photo"
"Signed as {name}, {date}","Firmado como {name}, {date}","Signé par {name}, {date}","Inspect, under the signature"
Sign before you send.,Firme antes de enviar.,Signez avant d'envoyer.,"Inspect, Submit with no signature"
Tap an inspection to begin scoring.,Toque una inspección para empezar a calificar.,Appuyez sur une inspection pour commencer à noter.,Inspect
Tap to start scoring,Toque para empezar a calificar,Appuyez pour commencer à noter,Inspect
Template *,Plantilla *,Modèle *,Inspect
"Template, site, and date are required","Se necesitan la plantilla, el sitio y la fecha","Le modèle, le site et la date sont obligatoires",Inspect
Anyone you pick below will not be able to see this report.,Nadie que usted elija abajo podrá ver este reporte.,Les personnes que vous choisissez ci-dessous ne pourront pas voir ce signalement.,Speak Up
Is this about someone in management?,¿Es sobre alguien de la gerencia?,Est-ce que cela concerne une personne de la direction ?,Speak Up
No,No,Non,"Help, Speak Up"
No one matches that name.,Nadie tiene ese nombre.,Aucune personne ne correspond à ce nom.,"Speak Up, Forms"
"Nothing you write here is kept. If you leave this screen before you send, it is gone.","Nada de lo que escriba aquí se guarda. Si sale de esta pantalla antes de enviar, se pierde.","Rien de ce que vous écrivez ici n'est gardé. Si vous quittez cet écran avant d'envoyer, tout est perdu.",Speak Up
Optional,Opcional,Facultatif,Speak Up
Please try again.,Intente de nuevo.,Veuillez réessayer.,Speak Up
Quote this if you follow up.,Menciónelo si vuelve a preguntar.,Donnez ce numéro si vous faites un suivi.,Speak Up
Report a problem with someone,Reportar un problema con alguien,Signaler un problème avec une personne,Speak Up
Search by name,Buscar por nombre,Rechercher par nom,"Speak Up, Forms"
Someone will be in touch with you within 72 hours.,Alguien se comunicará con usted en un plazo de 72 horas.,Une personne vous contactera dans les 72 heures.,Speak Up
The staff list did not load. Try again in a minute.,La lista del personal no cargó. Intente de nuevo en un minuto.,La liste du personnel ne s'est pas chargée. Réessayez dans une minute.,"Speak Up, Forms"
We got your report.,Recibimos su reporte.,Nous avons reçu votre signalement.,Speak Up
What happened,Qué pasó,Ce qui s'est passé,Speak Up
Who is involved?,¿Quién está involucrado?,Qui est concerné ?,Speak Up
Who is it about? Pick at least one person.,¿Sobre quién es? Elija al menos una persona.,De qui s'agit-il ? Choisissez au moins une personne.,Speak Up
Write what happened in your own words. One sentence is enough.,Escriba lo que pasó con sus propias palabras. Con una frase basta.,Écrivez ce qui s'est passé avec vos propres mots. Une phrase suffit.,Speak Up
Yes,Sí,Oui,"Help, Speak Up"
You can write up to {max} characters.,Puede escribir hasta {max} caracteres.,Vous pouvez écrire jusqu'à {max} caractères.,Speak Up
Your reference,Su número de referencia,Votre numéro de référence,Speak Up
Your report was not sent.,Su reporte no se envió.,Votre signalement n'a pas été envoyé.,Speak Up
{used} of {max} characters used.,{used} de {max} caracteres usados.,{used} caractères utilisés sur {max}.,Speak Up
Add row,Agregar fila,Ajouter une ligne,Forms
Answered,Respondida,Répondu,Forms
Back,Atrás,Retour,"Forms, Profile"
Clear,Borrar,Effacer,"Forms, Inspect"
Continue,Continuar,Continuer,Forms
Done,Listo,Terminé,"Forms, Shortcuts, Settings"
Edit,Editar,Modifier,"Forms, Profile"
Forms,Formularios,Formulaires,"Forms, Bar and More"
Forms could not load. Check your signal and try again.,Los formularios no cargaron. Revise su señal e intente de nuevo.,Les formulaires ne se sont pas chargés. Vérifiez votre réseau et réessayez.,Forms
Keep filling,Seguir llenando,Continuer à remplir,Forms
Leave,Salir,Quitter,Forms
"Leave this report? Your saved answers stay, and you can continue from Forms or Help.",¿Salir de este reporte? Sus respuestas guardadas se quedan y puede continuar desde Formularios o Ayuda.,Quitter ce rapport ? Vos réponses enregistrées sont gardées et vous pourrez continuer depuis Formulaires ou Aide.,Forms
Loading forms,Cargando formularios,Chargement des formulaires,Forms
Next,Siguiente,Suivant,Forms
No forms to fill right now.,No hay formularios para llenar ahora.,Aucun formulaire à remplir pour le moment.,Forms
Not answered,Sin responder,Sans réponse,Forms
Not saved yet. Check your signal and tap Next again.,Todavía no se guardó. Revise su señal y toque Siguiente otra vez.,Pas encore enregistré. Vérifiez votre réseau et appuyez de nouveau sur « Suivant ».,Forms
Not sent yet. Check your signal and tap Submit report again.,Todavía no se envió. Revise su señal y toque Enviar reporte otra vez.,Pas encore envoyé. Vérifiez votre réseau et appuyez de nouveau sur « Envoyer le rapport ».,Forms
Not signed,Sin firmar,Non signé,Forms
Not signed yet. Check your signal and tap Sign again.,Todavía no se firmó. Revise su señal y toque Firmar otra vez.,Pas encore signé. Vérifiez votre réseau et appuyez de nouveau sur « Signer ».,Forms
1 photo,1 foto,1 photo,Forms
{n} photos,{n} fotos,{n} photos,Forms
Not yet,Todavía no,Pas encore,Forms
Opening,Abriendo,Ouverture,Forms
Report,Reportar,Signaler,"Forms, Bar and More"
Remove row,Quitar fila,Retirer la ligne,Forms
Report sent. The people who handle these reports have been told.,Reporte enviado. Ya se avisó a las personas que atienden estos reportes.,Rapport envoyé. Les personnes qui traitent ces rapports ont été prévenues.,Forms
Required,Obligatorio,Obligatoire,Forms
Review,Revisar,Vérification,Forms
Row {n},Fila {n},Ligne {n},Forms
Save signature,Guardar firma,Enregistrer la signature,Forms
Saving,Guardando,Enregistrement,Forms
Section {n},Sección {n},Section {n},Forms
Section {n} of {total},Sección {n} de {total},Section {n} sur {total},Forms
Send it,Enviarlo,L'envoyer,Forms
Send this report? You cannot change it after it is sent.,¿Enviar este reporte? No lo podrá cambiar después de enviarlo.,Envoyer ce rapport ? Vous ne pourrez plus le modifier après l'envoi.,Forms
Sending,Enviando,Envoi,Forms
Sign,Firmar,Signer,Forms
Sign with your finger,Firme con el dedo,Signez avec le doigt,"Forms, Inspect"
Signed by {name} on {date} at {time},Firmado por {name} el {date} a las {time},Signé par {name} le {date} à {time},Forms
Start report,Comenzar reporte,Commencer le rapport,Forms
Which site is this for?,¿Para qué sitio es este reporte?,Pour quel site est ce rapport ?,"Forms, starting a report with no shift open"
Take photo or choose from gallery,Tomar foto o elegir de la galería,Prendre une photo ou choisir dans la galerie,"Forms, Inspect"
These still need an answer,Estas todavía necesitan respuesta,Ces questions attendent encore une réponse,Forms
This question cannot be answered here yet. Your supervisor will finish it.,Esta pregunta todavía no se puede responder aquí. Su supervisor la completará.,Cette question ne peut pas encore être remplie ici. Votre superviseur la complétera.,Forms
This photo could not be read. Try another one.,No se pudo leer esta foto. Intente con otra.,Cette photo n'a pas pu être lue. Essayez-en une autre.,Forms
This question is full.,Esta pregunta está llena.,Cette question a atteint sa limite.,"Forms, Inspect"
This report was already sent.,Este reporte ya se había enviado.,Ce rapport a déjà été envoyé.,Forms
Name,Nombre,Nom,Customer form
Role,Puesto,Fonction,Customer form
Thank you. {company} has your form.,Gracias. {company} recibió su formulario.,Merci. {company} a bien reçu votre formulaire.,"Customer form, the thank-you, with the company the page's answer names"
Thank you. We have your form.,Gracias. Recibimos su formulario.,Merci. Nous avons bien reçu votre formulaire.,"Customer form, the thank-you when the page's answer names no company"
Your name,Su nombre,Votre nom,Customer form
Your role,Su puesto,Votre fonction,Customer form
This table is full.,Esta tabla está llena.,Ce tableau est plein.,Forms
Untitled report,Reporte sin título,Rapport sans titre,Forms
{answered} answered,{answered} respondidas,Réponses : {answered},Forms
"{answered} answered, {remaining} to go","{answered} respondidas, faltan {remaining}","Réponses : {answered}, il en reste {remaining}",Forms
Acknowledge this report,Confirmar recibo de este reporte,Confirmer la réception de ce rapport,Acknowledgement page
Comments,Comentarios,Commentaires,Acknowledgement page
Not sent yet. Check your signal and tap Acknowledge this report again.,Todavía no se envió. Revise su señal y toque Confirmar recibo de este reporte otra vez.,Pas encore envoyé. Vérifiez votre réseau et appuyez de nouveau sur « Confirmer la réception de ce rapport ».,Acknowledgement page
Rate this month,Calificar este mes,Notez ce mois-ci,Acknowledgement page
Signature,Firma,Signature,"Acknowledgement page, Inspect"
Thank you. Your acknowledgement is recorded.,Gracias. Su confirmación quedó registrada.,Merci. Votre confirmation est enregistrée.,Acknowledgement page
This report could not load. Check your signal and try again.,Este reporte no cargó. Revise su señal e intente de nuevo.,Ce rapport ne s'est pas chargé. Vérifiez votre réseau et réessayez.,Acknowledgement page
Add to bar,Agregar a la barra,Ajouter à la barre,Shortcuts
Add to bar {name},Agregar {name} a la barra,Ajouter {name} à la barre,Shortcuts
Always first,Siempre primero,Toujours en premier,Shortcuts
Always last,Siempre al final,Toujours en dernier,Shortcuts
Everything is on your bar.,Todo está en su barra.,Tout est dans votre barre.,Shortcuts
Home,Inicio,Accueil,"Shortcuts, Bar and More"
Move down,Bajar,Descendre,Shortcuts
Move down {name},Bajar {name},Descendre {name},Shortcuts
Move up,Subir,Monter,Shortcuts
Move up {name},Subir {name},Monter {name},Shortcuts
On your bar,En su barra,Dans votre barre,Shortcuts
Pick something for this spot,Elija algo para este lugar,Choisissez quelque chose pour cette place,Shortcuts
Put the bar back the way it came?,¿Dejar la barra como estaba al principio?,Remettre la barre comme au départ ?,Shortcuts
Remove,Quitar,Retirer,Shortcuts
Remove {name},Quitar a {name},Retirer {name},"Speak Up, Forms"
Replace which one?,¿Cuál quiere reemplazar?,Lequel remplacer ?,Shortcuts
Reset,Restablecer,Réinitialiser,Shortcuts
Reset to default,Volver a lo original,Revenir à l'original,Shortcuts
Shortcuts,Accesos directos,Raccourcis,"Shortcuts, Settings"
Under More,En Más,Dans Plus,Shortcuts
will take the place of the one you pick.,tomará el lugar del que elija.,prendra la place de celui que vous choisissez.,Shortcuts
Your bar is full.,Su barra está llena.,Votre barre est pleine.,Shortcuts
Remove {name} from the bar,Quitar {name} de la barra,Retirer {name} de la barre,Shortcuts
Load more,Cargar más,Afficher plus,Notifications
Announcement,Anuncio,Annonce,The announcement sheet opened from a notice
From {name},De {name},Envoyé par {name},The announcement sheet
Mark all read,Marcar todas como leídas,Tout marquer comme lu,Notifications
Marking...,Marcando...,Marquage...,Notifications
Nothing yet.,Todavía no hay nada.,Rien pour le moment.,Notifications
Notifications did not load.,Las notificaciones no cargaron.,Les notifications ne se sont pas chargées.,Notifications
Open in the dashboard,Abrir en el panel,Ouvrir dans le tableau de bord,Notifications
A,A,A,Settings
Appearance,Apariencia,Apparence,Settings
Change PIN,Cambiar PIN,Changer le code PIN,Settings
Choose how the app looks.,Elija cómo se ve la aplicación.,Choisissez l'apparence de l'application.,Settings
Choose what sits on your bottom bar. Everything else is under More.,Elija qué va en su barra de abajo. Todo lo demás queda en Más.,Choisissez ce qui se trouve dans votre barre du bas. Tout le reste est dans Plus.,"Settings, Shortcuts"
Confirm New PIN,Confirmar PIN nuevo,Confirmer le nouveau code PIN,Settings
Could not update your PIN.,No se pudo actualizar su PIN.,Impossible de mettre à jour votre code PIN.,Settings
Current PIN,PIN actual,Code PIN actuel,Settings
Dark,Oscuro,Sombre,Settings
Light,Claro,Clair,Settings
Makes everything in the app bigger on this phone.,Agranda todo en la aplicación en este teléfono.,Agrandit tout dans l'application sur ce téléphone.,Settings
Makes everything in the app bigger.,Agranda todo en la aplicación.,Agrandit tout dans l'application.,Settings
New PIN,PIN nuevo,Nouveau code PIN,Settings
Text size,Tamaño del texto,Taille du texte,Settings
"The app, Help and report forms use this language.","La aplicación, Ayuda y los formularios usan este idioma.","L'application, l'Aide et les formulaires utilisent cette langue.",Settings
Update PIN,Actualizar PIN,Mettre à jour le code PIN,Settings
Your PIN is 4 digits. Choose one that only you know.,Su PIN es de 4 dígitos. Elija uno que solo usted sepa.,Votre code PIN a 4 chiffres. Choisissez-en un que personne d'autre ne connaît.,Settings
Phone alerts,Alertas en el teléfono,Alertes sur le téléphone,"Settings, the heading and the row that opens it"
Turn on alerts on this phone,Activar alertas en este teléfono,Activer les alertes sur ce téléphone,"Phone alerts, and the card after sign-in"
Alerts are on for this phone.,Las alertas están activadas en este teléfono.,Les alertes sont activées sur ce téléphone.,Phone alerts
Turn off on this phone,Desactivar en este teléfono,Désactiver sur ce téléphone,Phone alerts
This phone blocked alerts for this app. Turn them on in the phone's settings.,Este teléfono bloqueó las alertas de esta aplicación. Actívelas en la configuración del teléfono.,Ce téléphone a bloqué les alertes de cette application. Activez-les dans les réglages du téléphone.,Phone alerts
"On an iPhone, add the app to your Home Screen first, then open it from there to turn on alerts.","En un iPhone, primero agregue la aplicación a su pantalla de inicio y ábrala desde ahí para activar las alertas.","Sur un iPhone, ajoutez d'abord l'application à votre écran d'accueil, puis ouvrez-la depuis cet écran pour activer les alertes.","Phone alerts, an iPhone not on the Home Screen"
This phone cannot receive alerts.,Este teléfono no puede recibir alertas.,Ce téléphone ne peut pas recevoir d'alertes.,"Phone alerts, a browser with no push"
Chat messages,Mensajes del chat,Messages des discussions,Phone alerts
Every message,Cada mensaje,Chaque message,"Phone alerts, chat choice"
Only when I'm tagged,Solo cuando me etiquetan,Seulement quand on me mentionne,"Phone alerts, chat choice"
Off,Apagado,Désactivé,"Phone alerts, chat choice"
Schedule and time off,Horario y tiempo libre,Planning et congés,"Phone alerts, a switch"
Shift pickups and drops,Turnos libres y turnos soltados,Services libres et retraits,"Phone alerts, a switch"
Supply requests,Pedidos de suministros,Demandes de fournitures,"Phone alerts, a switch"
Problems reported,Problemas reportados,Problèmes signalés,"Phone alerts, a switch"
Forms filed,Formularios presentados,Formulaires envoyés,"Phone alerts, a switch"
Announcements from the office always come through.,Los anuncios de la oficina siempre llegan.,Les annonces du bureau arrivent toujours.,"Phone alerts, under the switches"
Get an alert when someone messages you?,¿Quiere recibir una alerta cuando alguien le escriba?,Recevoir une alerte quand quelqu'un vous écrit ?,The card after sign-in
Turn on,Activar,Activer,The card after sign-in
Your settings did not save.,Sus ajustes no se guardaron.,Vos paramètres n'ont pas été enregistrés.,"Phone alerts, a save that failed"
Enter your current 4-digit PIN.,Escriba su PIN actual de 4 dígitos.,Entrez votre code PIN actuel à 4 chiffres.,Settings
Your new PIN must be different from your current PIN.,Su PIN nuevo debe ser distinto de su PIN actual.,Votre nouveau code PIN doit être différent de votre code PIN actuel.,Settings
Address,Dirección,Adresse,Profile
Address Line 1,Dirección línea 1,"Adresse, ligne 1",Profile
Address Line 2,Dirección línea 2,"Adresse, ligne 2",Profile
"Apt, suite, etc.","Apartamento, suite, etc.","Appartement, bureau, etc.",Profile
Birthday,Fecha de nacimiento,Date de naissance,Profile
City,Ciudad,Ville,Profile
Emergency Contact,Contacto de emergencia,Contact d'urgence,Profile
Emergency Phone,Teléfono de emergencia,Téléphone d'urgence,Profile
Employee ID,ID de empleado,Matricule,Profile
Employee ID not assigned. Ask your supervisor.,No tiene ID de empleado asignado. Pregúntele a su supervisor.,Aucun matricule attribué. Demandez à votre superviseur.,Profile
Full name,Nombre completo,Nom complet,Profile
Loading profile...,Cargando perfil...,Chargement du profil...,Profile
No shift,Sin turno,Aucun service,Profile
Not set,Sin poner,Non renseigné,Profile
Personal Information,Información personal,Informations personnelles,Profile
Phone number,Número de teléfono,Numéro de téléphone,Profile
Photo must be under 20MB,La foto debe pesar menos de 20 MB,La photo doit faire moins de 20 Mo,Profile
Photo updated,Foto actualizada,Photo mise à jour,Profile
Profile updated,Perfil actualizado,Profil mis à jour,Profile
Save,Guardar,Enregistrer,Profile
Site Assignments,Sitios asignados,Sites attribués,Profile
Staff,Personal,Personnel,"Profile, Chat's New message"
State,Estado,État,Profile
Street address,Calle y número,Numéro et rue,Profile
Your profile did not load.,Su perfil no se cargó.,Votre profil ne s'est pas chargé.,"Profile, when it fails"
Zip,Código postal,Code postal,Profile
"A part day needs both a start and an end time, on one day","Parte de un día necesita hora de inicio y hora de fin, en un solo día","Une partie de journée demande une heure de début et une heure de fin, le même jour","API message, shown word for word"
A photo could not be read. Upload it again and resend it.,Una foto no se pudo leer. Súbala otra vez y vuelva a enviarla.,Une photo n'a pas pu être lue. Ajoutez-la de nouveau et renvoyez-la.,"API message, shown word for word"
A photo is larger than 5 MB. Send a smaller photo.,Una foto pesa más de 5 MB. Envíe una foto más pequeña.,Une photo fait plus de 5 Mo. Envoyez une photo plus petite.,"API message, shown word for word"
"A photo must be a JPEG, PNG or WebP image.","La foto debe ser una imagen JPEG, PNG o WebP.","Une photo doit être une image JPEG, PNG ou WebP.","API message, shown word for word"
A sign-off is made with its own button,La firma se hace con su propio botón,Une signature se fait avec son propre bouton,"API message, shown word for word"
Choose a type of time off,Elija un tipo de tiempo libre,Choisissez un type de congé,"API message, shown word for word"
Dates must be YYYY-MM-DD,Las fechas deben ser YYYY-MM-DD,Les dates doivent être au format YYYY-MM-DD,"API message, shown word for word"
Draft not found,No se encontró el reporte,Rapport introuvable,"API message, shown word for word"
Enter a real date,Escriba una fecha real,Entrez une date valide,"API message, shown word for word"
Enter a real time,Escriba una hora real,Entrez une heure valide,"API message, shown word for word"
Form not found,No se encontró el formulario,Formulaire introuvable,"API message, shown word for word"
Hours must be a number from 0 to 999.99,Las horas deben ser un número de 0 a 999.99,"Les heures doivent être un nombre de 0 à 999,99","API message, shown word for word"
Keep the reason to 1000 characters or fewer.,Escriba el motivo en 1000 caracteres o menos.,Écrivez la raison en 1000 caractères au maximum.,"API message, shown word for word"
language must be en or es,el idioma debe ser en o es,la langue doit être en ou es,"API message, shown word for word"
One of the people picked is not on the staff list,Una de las personas elegidas no está en la lista del personal,Une des personnes choisies n'est pas dans la liste du personnel,"API message, shown word for word"
Photo upload failed,No se pudo subir la foto,L'envoi de la photo a échoué,"API message, shown word for word"
Pick at least one person this is about,Elija al menos a una persona de quien trata este reporte,Choisissez au moins une personne concernée,"API message, shown word for word"
Pick up to 10 people,Elija hasta 10 personas,Choisissez jusqu'à 10 personnes,"API message, shown word for word"
Request failed,La solicitud falló,La demande a échoué,"API message, shown word for word"
Request not found,No se encontró la solicitud,Demande introuvable,"API message, shown word for word"
Required fields are unanswered,Faltan campos obligatorios por responder,Des champs obligatoires sont sans réponse,"API message, shown word for word"
Say whether this is about someone in management,Indique si esto es sobre alguien de la gerencia,Indiquez si cela concerne une personne de la direction,"API message, shown word for word"
Send answers as an object of key and value,Envíe las respuestas como un objeto de clave y valor,Envoyez les réponses sous forme d'objet clé et valeur,"API message, shown word for word"
Send at most 3 photos with one message.,Envíe como máximo 3 fotos en un mensaje.,Envoyez au maximum 3 photos par message.,"API message, shown word for word"
Server error,Error del servidor,Erreur du serveur,"API message, shown word for word"
Session expired,Su sesión venció,Votre session a expiré,"API message, shown word for word"
shortcuts must be four different tab ids,los accesos directos deben ser cuatro pestañas distintas,les raccourcis doivent être quatre onglets différents,"API message, shown word for word"
Some answers are not valid,Algunas respuestas no son válidas,Certaines réponses ne sont pas valides,"API message, shown word for word"
"textSize must be standard, large, xlarge or largest","el tamaño del texto debe ser standard, large, xlarge o largest","la taille du texte doit être standard, large, xlarge ou largest","API message, shown word for word"
That column is not on this form,Esa columna no está en este formulario,Cette colonne n'est pas dans ce formulaire,"API message, shown word for word"
That is not a sign-off on this form,Eso no es una firma de este formulario,Ce n'est pas une signature de ce formulaire,"API message, shown word for word"
That photo was not uploaded by you. Upload the photo again and resend it.,Esa foto no la subió usted. Suba la foto otra vez y vuelva a enviarla.,Cette photo n'a pas été ajoutée par vous. Ajoutez-la de nouveau et renvoyez-la.,"API message, shown word for word"
That row is not on this form,Esa fila no está en este formulario,Cette ligne n'est pas dans ce formulaire,"API message, shown word for word"
That table has no room for another row,Esa tabla no tiene espacio para otra fila,Ce tableau n'a plus de place pour une autre ligne,"API message, shown word for word"
The last day cannot be before the first day,El último día no puede ser anterior al primer día,Le dernier jour ne peut pas être avant le premier jour,"API message, shown word for word"
theme must be light or dark,el tema debe ser light o dark,le thème doit être light ou dark,"API message, shown word for word"
These fields cannot be answered here,Estos campos no se pueden responder aquí,Ces champs ne peuvent pas être remplis ici,"API message, shown word for word"
This form is not available to you,Este formulario no está disponible para usted,Ce formulaire n'est pas disponible pour vous,"API message, shown word for word"
This part is already signed,Esta parte ya está firmada,Cette partie est déjà signée,"API message, shown word for word"
This report is already submitted,Este reporte ya está enviado,Ce rapport est déjà envoyé,"API message, shown word for word"
This report was already submitted,Este reporte ya se había enviado,Ce rapport avait déjà été envoyé,"API message, shown word for word"
This report was voided,Este reporte fue anulado,Ce rapport a été annulé,"API message, shown word for word"
This request was already approved,Esta solicitud ya estaba aprobada,Cette demande était déjà approuvée,"API message, shown word for word"
This request was already cancelled,Esta solicitud ya estaba cancelada,Cette demande était déjà annulée,"API message, shown word for word"
This request was already denied,Esta solicitud ya estaba denegada,Cette demande était déjà refusée,"API message, shown word for word"
Time off can start at most 30 days ago,El tiempo libre puede comenzar 30 días atrás como máximo,Un congé peut commencer au plus tôt il y a 30 jours,"API message, shown word for word"
Time off can start at most one year ahead,El tiempo libre puede comenzar un año adelante como máximo,Un congé peut commencer au plus tard dans un an,"API message, shown word for word"
"Times must be HH:MM, from 00:00 to 23:59","Las horas deben ser HH:MM, de 00:00 a 23:59","Les heures doivent être au format HH:MM, de 00:00 à 23:59","API message, shown word for word"
Upload failed,No se pudo subir el archivo,L'envoi a échoué,"API message, shown word for word"
User not found,No se encontró el usuario,Utilisateur introuvable,"API message, shown word for word"
You already have time off requested or approved for those days,Ya tiene tiempo libre solicitado o aprobado para esos días,Vous avez déjà un congé demandé ou approuvé pour ces jours,"API message, shown word for word"
You cannot pick yourself,No puede elegirse a sí mismo,Vous ne pouvez pas vous choisir vous-même,"API message, shown word for word"
You cannot sign this part of the form,Usted no puede firmar esta parte del formulario,Vous ne pouvez pas signer cette partie du formulaire,"API message, shown word for word"
Chat,Mensajes,Messages,Bar and More
Help,Ayuda,Aide,Bar and More
Inspect,Inspección,Inspection,Bar and More
now,ahora,à l'instant,notifAgo
Schedule,Horario,Planning,Bar and More
Speak Up,Confianza,Confiance,Bar and More
Tasks,Tareas,Tâches,Bar and More
{n}d,{n} d,{n} j,notifAgo
{n}h,{n} h,{n} h,notifAgo
{n}m,{n} min,{n} min,notifAgo
Safety data sheets,Hojas de datos de seguridad,Fiches de données de sécurité,"Bar and More, Safety data sheets"
Search by product,Buscar por producto,Rechercher par produit,Safety data sheets
Revised {date},Revisada el {date},Révisée le {date},"Safety data sheets, the list and a sheet"
No sheet matches that product.,Ninguna hoja coincide con ese producto.,Aucune fiche ne correspond à ce produit.,"Safety data sheets, a search with no match"
Every sheet is also in the printed binder at the site.,Todas las hojas también están en la carpeta impresa del sitio.,Chaque fiche se trouve aussi dans le classeur imprimé du site.,"Safety data sheets, under the list and a sheet"
Saved on this phone. Last read {when}.,Guardada en este teléfono. Leída por última vez: {when}.,Enregistrée sur ce téléphone. Dernière lecture : {when}.,"Safety data sheets, a copy kept on the phone, shown with no signal"
All sheets,Todas las hojas,Toutes les fiches,"Safety data sheets, back from a sheet"
"This sheet is in English, as the manufacturer wrote it. Help in the app can explain any part of it in your language.","Esta hoja está en inglés, como la escribió el fabricante. Ayuda, en la aplicación, puede explicarle cualquier parte en su idioma.","Cette fiche est en anglais, telle que le fabricant l'a rédigée. L'Aide de l'application peut vous en expliquer chaque partie dans votre langue.","Safety data sheets, under a sheet's title"
Safety data sheets are not available here yet. The printed binder at the site holds every sheet.,Las hojas de datos de seguridad todavía no están disponibles aquí. La carpeta impresa del sitio tiene todas las hojas.,Les fiches de données de sécurité ne sont pas encore disponibles ici. Le classeur imprimé du site contient toutes les fiches.,"Safety data sheets, when OCSA has none to give"
"This sheet did not open. Check your signal, or use the printed binder at the site.",Esta hoja no se abrió. Revise su señal o use la carpeta impresa del sitio.,Cette fiche ne s'est pas ouverte. Vérifiez votre réseau ou utilisez le classeur imprimé du site.,"Safety data sheets, a sheet with no signal and no copy kept"
Workspace,Espacio de trabajo,Espace de travail,"More, for an office account once the workspace answers; the Workspace heading"
My assignments,Mis asignaciones,Mes affectations,"Workspace, above the to-dos assigned to you"
Projects,Proyectos,Projets,"Workspace, above the projects; Chat, above a project's chats"
Nothing is assigned to you right now.,Por ahora no tiene nada asignado.,Rien ne vous est assigné pour le moment.,"Workspace, My assignments with nothing in it"
You are not in any project yet.,Todavía no está en ningún proyecto.,Vous ne faites encore partie d'aucun projet.,"Workspace, Projects with nothing in it"
Mark this to-do done?,¿Marcar este pendiente como hecho?,Marquer cette tâche comme faite ?,"Workspace, the question before a tick marks a to-do done"
Marked done.,Marcado como hecho.,Marquée comme faite.,"Workspace, after a to-do is ticked"
That to-do was not marked done. Try again.,Ese pendiente no se marcó como hecho. Intente de nuevo.,Cette tâche n'a pas été marquée comme faite. Réessayez.,"Workspace, a tick that did not go"
Due {date},Vence el {date},Échéance : {date},"Workspace, under a to-do"
Overdue. Due {date},Vencido. Vencía el {date},En retard. Échéance : {date},"Workspace, under a to-do whose day has gone by, in red"
Message Board,Tablero de mensajes,Tableau de messages,"Workspace, a project's tools"
To-dos,Pendientes,À faire,"Workspace, a project's tools"
Files,Archivos,Fichiers,"Workspace, a project's tools"
This project did not open. Try again.,Este proyecto no se abrió. Intente de nuevo.,Ce projet ne s'est pas ouvert. Réessayez.,"Workspace, a project that did not load"
This project's chat is not on your chat list yet. Try again in a minute.,El chat de este proyecto todavía no está en su lista de chats. Intente de nuevo en un minuto.,La discussion de ce projet n'est pas encore dans votre liste. Réessayez dans une minute.,"Workspace, Chat tapped before the project's chat is on the list"
Post a message,Publicar un mensaje,Publier un message,"Workspace, Message Board, the button and its sheet"
No messages on the board yet.,Todavía no hay mensajes en el tablero.,Aucun message sur le tableau pour le moment.,"Workspace, a Message Board with no posts"
Pinned,Fijado,Épinglé,"Workspace, Message Board, on a pinned post"
1 comment,1 comentario,1 commentaire,"Workspace, Message Board, under a post"
{n} comments,{n} comentarios,{n} commentaires,"Workspace, Message Board, under a post"
Message,Mensaje,Message,"Workspace, Post a message, the box for the words"
Post,Publicar,Publier,"Workspace, Post a message, the button that sends it"
Posting...,Publicando...,Publication...,"Workspace, Post a message, while it goes"
Give the message a title.,Escriba un título para el mensaje.,Donnez un titre au message.,"Workspace, Post a message with no title"
Write the message first.,Primero escriba el mensaje.,Écrivez d'abord le message.,"Workspace, Post a message with no words"
Message posted.,Mensaje publicado.,Message publié.,"Workspace, after a post"
Your message was not posted. Try again.,Su mensaje no se publicó. Intente de nuevo.,Votre message n'a pas été publié. Réessayez.,"Workspace, a post that did not go"
All messages,Todos los mensajes,Tous les messages,"Workspace, back from a post to the Message Board"
This message did not open. Try again.,Este mensaje no se abrió. Intente de nuevo.,Ce message ne s'est pas ouvert. Réessayez.,"Workspace, a post that did not load"
No comments yet.,Todavía no hay comentarios.,Aucun commentaire pour le moment.,"Workspace, a post with no comments"
Add a comment,Agregar un comentario,Ajouter un commentaire,"Workspace, under a post's comments"
Your comment was not added. Try again.,Su comentario no se agregó. Intente de nuevo.,Votre commentaire n'a pas été ajouté. Réessayez.,"Workspace, a comment that did not go"
This project has no to-do lists yet.,Este proyecto todavía no tiene listas de pendientes.,Ce projet n'a pas encore de liste de tâches.,"Workspace, To-dos with no lists"
Nothing on this list yet.,Todavía no hay nada en esta lista.,Rien sur cette liste pour le moment.,"Workspace, To-dos, an empty list"
Add a to-do,Agregar un pendiente,Ajouter une tâche,"Workspace, To-dos, under each list, and its sheet"
Assigned to,Asignado a,Assignée à,"Workspace, Add a to-do"
Nobody yet,Nadie todavía,Personne pour l'instant,"Workspace, Add a to-do, Assigned to"
Due date,Fecha de vencimiento,Échéance,"Workspace, Add a to-do"
Give the to-do a title.,Escriba un título para el pendiente.,Donnez un titre à la tâche.,"Workspace, Add a to-do with no title"
To-do added.,Pendiente agregado.,Tâche ajoutée.,"Workspace, after Add a to-do"
That to-do was not added. Try again.,Ese pendiente no se agregó. Intente de nuevo.,Cette tâche n'a pas été ajoutée. Réessayez.,"Workspace, Add a to-do that did not go"
Opened again.,Abierto de nuevo.,Rouverte.,"Workspace, To-dos, after a done to-do is ticked again"
That to-do was not opened again. Try again.,Ese pendiente no se abrió de nuevo. Intente de nuevo.,Cette tâche n'a pas été rouverte. Réessayez.,"Workspace, To-dos, a tick that did not open it again"
No files in this project yet.,Todavía no hay archivos en este proyecto.,Aucun fichier dans ce projet pour le moment.,"Workspace, Files with nothing in it"
Open file,Abrir archivo,Ouvrir le fichier,"Workspace, Files, on each file"
Opening...,Abriendo...,Ouverture...,"Workspace, Files, while a file comes"
That file did not open. Try again.,Ese archivo no se abrió. Intente de nuevo.,Ce fichier ne s'est pas ouvert. Réessayez.,"Workspace, Files, a file that did not come"
{n} KB,{n} KB,{n} Ko,"Workspace, Files, a file's size"
{n} MB,{n} MB,{n} Mo,"Workspace, Files, a file's size"
All to-dos,Todos los pendientes,Toutes les tâches,"Workspace, back from a to-do's page to the lists"
Not done yet,Todavía no está hecho,Pas encore faite,"Workspace, a to-do's page, beside its box"
No due date,Sin fecha de vencimiento,Pas d'échéance,"Workspace, a to-do's page, under Due date"
This to-do did not open. Try again.,Este pendiente no se abrió. Intente de nuevo.,Cette tâche ne s'est pas ouverte. Réessayez.,"Workspace, a to-do's page that did not load"
New list,Nueva lista,Nouvelle liste,"Workspace, To-dos, the button and its sheet"
Give the list a name.,Escriba un nombre para la lista.,Donnez un nom à la liste.,"Workspace, New list with no name"
List added.,Lista agregada.,Liste ajoutée.,"Workspace, after New list"
That list was not added. Try again.,Esa lista no se agregó. Intente de nuevo.,Cette liste n'a pas été ajoutée. Réessayez.,"Workspace, New list that did not go"
Add a file,Agregar un archivo,Ajouter un fichier,"Workspace, Files, the button and its sheet"
Choose a document,Elegir un documento,Choisir un document,"Workspace, Add a file"
"Documents, images and PDFs, up to 25 MB each.","Documentos, imágenes y PDF, de hasta 25 MB cada uno.","Documents, images et PDF, jusqu'à 25 Mo chacun.","Workspace, Add a file"
Note (optional),Nota (opcional),Note (facultative),"Workspace, Add a file"
Add file,Agregar archivo,Ajouter le fichier,"Workspace, Add a file, the button that sends it"
Choose a file first.,Primero elija un archivo.,Choisissez d'abord un fichier.,"Workspace, Add a file with no file chosen"
{0} is over 25 MB. Files up to 25 MB can be added.,{0} pasa de 25 MB. Se pueden agregar archivos de hasta 25 MB.,{0} dépasse 25 Mo. Les fichiers peuvent faire jusqu'à 25 Mo.,"Workspace, Add a file, a file over 25 MB, before it is sent"
File added.,Archivo agregado.,Fichier ajouté.,"Workspace, after Add a file"
That file was not added. Try again.,Ese archivo no se agregó. Intente de nuevo.,Ce fichier n'a pas été ajouté. Réessayez.,"Workspace, Add a file that did not go"
Saved on this phone. It sends when you have signal.,Guardado en este teléfono. Se envía cuando tenga señal.,Enregistré sur ce téléphone. Il part dès que vous avez du réseau.,"Tasks, above the list, while a check waits for signal"
Weekly,Semanal,Hebdomadaire,"Tasks, beside a weekly task's name"
Monthly,Mensual,Mensuel,"Tasks, beside a monthly task's name"
Quarterly,Trimestral,Trimestriel,"Tasks, beside a quarterly task's name"
Seasonal,De temporada,Saisonnier,"Tasks, beside a seasonal task's name"
Equipment,Equipo,Équipement,"An equipment label's page, above its name"
In service,En servicio,En service,"An equipment label's page, Status"
Out of service,Fuera de servicio,Hors service,"An equipment label's page, Status"
Retired,Dado de baja,Retiré,"An equipment label's page, Status and Recent"
Next service,Próximo mantenimiento,Prochain entretien,An equipment label's page
None set,Sin fecha,Aucune date,"An equipment label's page, Next service with no day"
Recent,Reciente,Récent,"An equipment label's page, above its latest events"
Nothing recorded yet.,Aún no hay nada registrado.,Rien n'est encore enregistré.,"An equipment label's page, Recent with no events"
"Checked, all good","Revisado, todo bien","Vérifié, tout va bien","An equipment label's page, the button and an event"
Serviced,Mantenimiento hecho,Entretien fait,"An equipment label's page, an event"
Repaired,Reparado,Réparé,"An equipment label's page, an event"
Tagged out,Marcado fuera de servicio,Mis hors service,"An equipment label's page, an event"
Back in service,De nuevo en servicio,Remis en service,"An equipment label's page, an event"
Moved,Trasladado,Déplacé,"An equipment label's page, an event"
Tag out,Marcar fuera de servicio,Mettre hors service,"An equipment label's page, the button and its sheet"
What is wrong,Qué está mal,Ce qui ne va pas,"An equipment label's page, Tag out, the note"
Record that this item was checked and is in good order?,¿Registrar que este equipo se revisó y está en buen estado?,Enregistrer que cet équipement a été vérifié et est en bon état ?,"An equipment label's page, Checked, all good, the question"
Check recorded.,Revisión registrada.,Vérification enregistrée.,"An equipment label's page, after Checked, all good"
Say what is wrong before you tag it out.,Diga qué está mal antes de marcarlo fuera de servicio.,Dites ce qui ne va pas avant de le mettre hors service.,"An equipment label's page, Tag out with no note"
Tag this item out of service? The office is told.,¿Marcar este equipo fuera de servicio? Se avisa a la oficina.,Mettre cet équipement hors service ? Le bureau est prévenu.,"An equipment label's page, Tag out, the question"
Tagged out. The office has been told.,Marcado fuera de servicio. Se avisó a la oficina.,Mis hors service. Le bureau a été prévenu.,"An equipment label's page, after Tag out"
"The photo did not upload. Try again, or tag it out without it.",La foto no se subió. Intente de nuevo o márquelo fuera de servicio sin ella.,"La photo n'a pas été envoyée. Réessayez, ou mettez-le hors service sans elle.","An equipment label's page, Tag out, a photo that did not go"
That was not recorded. Try again.,No se registró. Intente de nuevo.,Rien n'a été enregistré. Réessayez.,"An equipment label's page, a check or tag out that did not go"
This item did not open. Try again.,Este equipo no se abrió. Intente de nuevo.,Cet équipement ne s'est pas ouvert. Réessayez.,An equipment label's page that did not load
This label does not match any equipment.,Esta etiqueta no corresponde a ningún equipo.,Cette étiquette ne correspond à aucun équipement.,"An equipment label's page, a code not in the register"
This item is retired. Nothing can be recorded on it.,Este equipo está dado de baja. No se puede registrar nada en él.,Cet équipement est retiré. Rien ne peut y être enregistré.,"An equipment label's page, a retired item"
This item is tagged out. Do not use it until the office puts it back in service.,Este equipo está fuera de servicio. No lo use hasta que la oficina lo vuelva a poner en servicio.,Cet équipement est hors service. Ne l'utilisez pas avant que le bureau le remette en service.,"An equipment label's page, an item tagged out"
Thank you. Your reference is {ref}.,Gracias. Su referencia es {ref}.,Merci. Votre référence est {ref}.,"Customer form, after a concern is sent"
We will reply within five working days.,Le responderemos en un plazo de cinco días hábiles.,Nous vous répondrons sous cinq jours ouvrés.,"Customer form, after a concern is sent"
A copy is on its way to your email.,Le enviamos una copia a su correo electrónico.,Une copie vous est envoyée par e-mail.,"Customer form, after a concern is sent with an email"
Sent by {who}.,Enviado por {who}.,Envoyé par {who}.,"Customer form, after a form whose own questions ask who you are"
Field kit,Kit de campo,Kit de terrain,"More, for an admin or a supervisor; the field kit's heading and Back"
You have no sites to work on.,No tiene sitios en los que trabajar.,Vous n'avez aucun site sur lequel travailler.,"Field kit, when the person may name no site"
Issue PPE,Entregar EPP,Remettre un EPI,"Field kit, a tile, its heading and its button"
Periodic work,Trabajo periódico,Travail périodique,"Field kit, a tile and its heading"
Awaiting review,Por revisar,À vérifier,"Field kit, a tile and its heading; Back from an inspection"
Hand out protective gear. The person signs for it here.,Entregue equipo de protección. La persona firma aquí al recibirlo.,Remettez un équipement de protection. La personne signe ici pour le recevoir.,"Field kit, under Issue PPE"
"What is overdue, due and done at this site.","Lo vencido, lo pendiente y lo hecho en este sitio.","Ce qui est en retard, à faire et fait sur ce site.","Field kit, under Periodic work"
Each item's status and next service.,El estado y el próximo mantenimiento de cada equipo.,L'état et le prochain entretien de chaque équipement.,"Field kit, under Equipment"
Inspections waiting for a review signature.,Inspecciones que esperan una firma de revisión.,Inspections en attente d'une signature de vérification.,"Field kit, under Awaiting review"
Person,Persona,Personne,"Field kit, Issue PPE"
Choose a person,Elija una persona,Choisissez une personne,"Field kit, Issue PPE"
No one is assigned to this site.,Nadie está asignado a este sitio.,Personne n'est affecté à ce site.,"Field kit, Issue PPE"
Choose an item,Elija un artículo,Choisissez un article,"Field kit, Issue PPE"
"{item}, {n} in stock","{item}, {n} en existencia","{item}, {n} en stock","Field kit, Issue PPE"
Something else (type it),Otra cosa (escríbala),Autre chose (à saisir),"Field kit, Issue PPE"
What you are handing out,Lo que entrega,Ce que vous remettez,"Field kit, Issue PPE"
This site has no PPE in stock. Type what you are handing out.,Este sitio no tiene EPP en existencia. Escriba lo que entrega.,Ce site n'a pas d'EPI en stock. Saisissez ce que vous remettez.,"Field kit, Issue PPE"
Size,Talla,Taille,"Field kit, Issue PPE"
Quantity,Cantidad,Quantité,"Field kit, Issue PPE"
Fits well?,¿Le queda bien?,Bien ajusté ?,"Field kit, Issue PPE"
Signature of the person receiving it,Firma de quien lo recibe,Signature de la personne qui le reçoit,"Field kit, Issue PPE"
Hand the phone to the person. They sign with a finger.,Entregue el teléfono a la persona. Firma con el dedo.,Tendez le téléphone à la personne. Elle signe avec le doigt.,"Field kit, Issue PPE"
Choose the person you are handing it to.,Elija a la persona a quien se lo entrega.,Choisissez la personne à qui vous le remettez.,"Field kit, Issue PPE"
"Choose an item, or type what you are handing out.",Elija un artículo o escriba lo que entrega.,Choisissez un article ou saisissez ce que vous remettez.,"Field kit, Issue PPE"
The person signs before you send.,La persona firma antes de enviar.,La personne signe avant l'envoi.,"Field kit, Issue PPE"
PPE issued. The signature is kept with it.,EPP entregado. La firma queda guardada con la entrega.,EPI remis. La signature est conservée avec la remise.,"Field kit, Issue PPE"
This form did not load.,Este formulario no se cargó.,Ce formulaire ne s'est pas chargé.,"Field kit, Issue PPE"
This was not sent. Try again.,No se envió. Intente de nuevo.,Rien n'a été envoyé. Réessayez.,"Field kit, Issue PPE"
Issued at this site,Entregado en este sitio,Remis sur ce site,"Field kit, Issue PPE"
No PPE has been issued at this site yet.,Aún no se ha entregado EPP en este sitio.,Aucun EPI n'a encore été remis sur ce site.,"Field kit, Issue PPE"
{item} x{n},{item} x{n},{item} x{n},"Field kit, Issue PPE"
Size {size},Talla {size},Taille {size},"Field kit, Issue PPE"
Fits well,Le queda bien,Bien ajusté,"Field kit, Issue PPE"
Does not fit,No le queda bien,Mal ajusté,"Field kit, Issue PPE"
Signed,Firmado,Signé,"Field kit, Issue PPE"
"Issued by {name}, {when}","Entregado por {name}, {when}","Remis par {name}, {when}","Field kit, Issue PPE"
Show more,Mostrar más,Afficher plus,"Field kit, Periodic work"
This site has no periodic work.,Este sitio no tiene trabajo periódico.,Ce site n'a aucun travail périodique.,"Field kit, Periodic work"
Read only. Work is checked off on the checklist.,Solo lectura. El trabajo se marca en la lista.,Lecture seule. Le travail se coche sur la liste.,"Field kit, Periodic work"
Overdue,Vencido,En retard,"Field kit, Periodic work"
Due,Pendiente,À faire,"Field kit, Periodic work"
On the checklist under {section},"En la lista, en {section}","Sur la liste, dans {section}","Field kit, Periodic work"
Last done {date} by {name},Hecho por última vez el {date} por {name},Fait pour la dernière fois le {date} par {name},"Field kit, Periodic work"
Last done {date},Hecho por última vez el {date},Fait pour la dernière fois le {date},"Field kit, Periodic work"
Was due by {date},Debía hacerse a más tardar el {date},Était à faire au plus tard le {date},"Field kit, Periodic work"
Due by {date},Hacer a más tardar el {date},À faire au plus tard le {date},"Field kit, Equipment"
Next due by {date},"La próxima vez, a más tardar el {date}","La prochaine fois, au plus tard le {date}","Field kit, Equipment"
This site has no equipment on the register.,Este sitio no tiene equipos en el registro.,Ce site n'a aucun équipement au registre.,"Field kit, Equipment"
Service due {date},Mantenimiento pendiente desde el {date},Entretien à faire depuis le {date},"Field kit, Equipment"
Next service {date},Próximo mantenimiento el {date},Prochain entretien le {date},"Field kit, Equipment"
No service date,Sin fecha de mantenimiento,Aucune date d'entretien,"Field kit, Equipment"
"Last: {what}, {when}","Último: {what}, {when}","Dernier : {what}, {when}","Field kit, Awaiting review"
No inspection at this site is waiting for review.,Ninguna inspección de este sitio espera revisión.,Aucune inspection de ce site n'attend de vérification.,"Field kit, Awaiting review"
Inspection,Inspección,Inspection,"Field kit, Awaiting review"
"{score} of {max}, {pct}%","{score} de {max}, {pct} %","{score} sur {max}, {pct} %","Field kit, Awaiting review"
This inspection did not open. Try again.,Esta inspección no se abrió. Intente de nuevo.,Cette inspection ne s'est pas ouverte. Réessayez.,"Field kit, Awaiting review"
Read only. Only the review lines can be signed here.,Solo lectura. Aquí solo se pueden firmar las líneas de revisión.,Lecture seule. Seules les lignes de vérification peuvent être signées ici.,"Field kit, Awaiting review"
Scores,Puntajes,Notes,"Field kit, Awaiting review"
{score} of {max},{score} de {max},{score} sur {max},"Field kit, Awaiting review"
Not scored,Sin puntaje,Non noté,"Field kit, Awaiting review"
Signatures,Firmas,Signatures,"Field kit, Awaiting review"
Inspector,Inspector,Inspecteur,"Field kit, Awaiting review"
"Signed by {name}, {when}","Firmado por {name}, {when}","Signé par {name}, {when}","Field kit, Awaiting review"
Waiting for the person who signs this line.,Espera a la persona que firma esta línea.,En attente de la personne qui signe cette ligne.,"Field kit, Awaiting review"
Sign this line,Firmar esta línea,Signer cette ligne,"Field kit, Awaiting review"
Photo {n} of {count},Foto {n} de {count},Photo {n} sur {count},"Field kit, Awaiting review"
Signed.,Firmado.,Signé.,"Field kit, Awaiting review"
This was not signed. Try again.,No se firmó. Intente de nuevo.,Rien n'a été signé. Réessayez.,"Field kit, Awaiting review"
Touchpoint,Punto de contacto,Point de contact,"Tasks, beside a touchpoint's name and on its details"
Critical touchpoint,Punto de contacto crítico,Point de contact critique,"Tasks, beside a critical touchpoint's name and on its details"
Where in the building?,¿En qué parte del edificio?,Où dans le bâtiment ?,"Request page, the site-wide link's question"
Say where in the building.,Diga en qué parte del edificio.,Indiquez où dans le bâtiment.,"Request page, under Where in the building? when it is empty"
Pick one of these first.,Primero elija una de estas opciones.,Choisissez d'abord l'une de ces options.,"Request page, under the tiles when none is chosen"
Anything we should know?,¿Algo que debamos saber?,Quelque chose à nous signaler ?,"Request page, the note"
Add photos,Agregar fotos,Ajouter des photos,"Request page, the photos"
Email me updates (optional),Envíenme novedades por correo (opcional),Recevoir des nouvelles par e-mail (facultatif),"Request page, the email"
Report a concern instead,Informar un problema en su lugar,Signaler plutôt un problème,"Request page, the thank-you, to the site's concern link"
Call the office,Llamar a la oficina,Appeler le bureau,"Request page, a closed link, the call link"
This page could not load. Check your signal and try again.,Esta página no se pudo cargar. Revise su señal e intente de nuevo.,Cette page n'a pas pu se charger. Vérifiez votre signal et réessayez.,"Request page and supply page, no signal"
Your request was not sent. Check your signal and tap Try again.,Su solicitud no se envió. Revise su señal y toque Intentar de nuevo.,Votre demande n'a pas été envoyée. Vérifiez votre signal et touchez Réessayer.,"Request page, a send that never reached OCSA"
Client requests,Solicitudes de clientes,Demandes des clients,"Report, the Client requests section"
Waiting for approval,En espera de aprobación,En attente d'approbation,"Report, Client requests"
Yours,Suyas,Les vôtres,"Report, Client requests, the requests assigned to you"
{ago} ago,hace {ago},il y a {ago},"Report, Client requests, how long ago a request was filed"
Respond by {when},Responder antes de {when},Répondre avant {when},"Report, Client requests"
Due {when},Vence {when},Échéance : {when},"Report, Client requests"
Due soon,Vence pronto,Bientôt à échéance,"Report, Client requests, beside a time target"
Approve and assign,Aprobar y asignar,Approuver et attribuer,"Report, Client requests, and the sheet's title"
Assign,Asignar,Attribuer,"Report, Client requests, Approve and assign"
Me,Yo,Moi,"Report, Client requests, Approve and assign, beside your own name"
On shift,En turno,En service,"Report, Client requests, Approve and assign"
No one can be assigned at this site.,No hay nadie a quien asignar en este sitio.,Personne ne peut être attribué sur ce site.,"Report, Client requests, Approve and assign"
Approved and assigned.,Aprobada y asignada.,Approuvée et attribuée.,"Report, Client requests, after Assign"
{name} already took care of this.,{name} ya se encargó de esto.,{name} s'en est déjà occupé.,"Report, Client requests, when someone else decided first"
Someone,Alguien,Quelqu'un,"Report, Client requests, when the API names nobody"
Decline,Rechazar,Refuser,"Report, Client requests"
Decline this request,Rechazar esta solicitud,Refuser cette demande,"Report, Client requests, the Decline sheet"
"This reason is emailed to the person who asked, if they left an email.","Este motivo se envía por correo a la persona que lo pidió, si dejó un correo.","Ce motif est envoyé par e-mail à la personne qui a demandé, si elle a laissé un e-mail.","Report, Client requests, the Decline sheet"
Declined.,Rechazada.,Refusée.,"Report, Client requests, after Decline"
I'm on it,Ya voy,Je m'en occupe,"Report, Client requests"
Started.,Iniciada.,Commencée.,"Report, Client requests, after I'm on it"
Mark this request done,Marcar esta solicitud como lista,Marquer cette demande comme terminée,"Report, Client requests, the Done sheet"
Done. The person who asked is told if they left an email.,Listo. Se avisa a la persona que lo pidió si dejó un correo.,Terminé. La personne qui a demandé est prévenue si elle a laissé un e-mail.,"Report, Client requests, after Done"
Can't finish,No puedo terminar,Impossible de terminer,"Report, Client requests"
Can't finish this request,No puedo terminar esta solicitud,Impossible de terminer cette demande,"Report, Client requests, the Can't finish sheet"
Say what is in the way. Your supervisors are told.,Diga qué lo impide. Se avisa a sus supervisores.,Dites ce qui bloque. Vos superviseurs sont prévenus.,"Report, Client requests, the Can't finish sheet"
Your supervisors have been told.,Se avisó a sus supervisores.,Vos superviseurs ont été prévenus.,"Report, Client requests, after Can't finish"
Write a note first.,Primero escriba una nota.,Écrivez d'abord une note.,"Report, Client requests, a sheet sent with no note"
That did not go through. Try again.,No se pudo completar. Intente de nuevo.,Cela n'a pas abouti. Réessayez.,"Report, Client requests, an action that failed"
"The photo did not upload. Try again, or send without it.",La foto no se subió. Intente de nuevo o envíe sin ella.,"La photo n'a pas été envoyée. Réessayez, ou envoyez sans elle.","Report, Client requests, the Done sheet"
1 client request needs you,1 solicitud de cliente lo necesita,1 demande client vous attend,"Home, the Client requests card"
{n} client requests need you,{n} solicitudes de clientes lo necesitan,{n} demandes clients vous attendent,"Home, the Client requests card"
Safety sheet,Hoja de seguridad,Fiche de sécurité,Supply page
No safety sheet on file. Ask your supervisor.,No hay hoja de seguridad registrada. Pregunte a su supervisor.,Aucune fiche de sécurité enregistrée. Demandez à votre superviseur.,Supply page
Sign in to record use,Iniciar sesión para registrar uso,Se connecter pour enregistrer l'utilisation,"Supply page, signed out"
Record use,Registrar uso,Enregistrer l'utilisation,"Supply page, signed in"
None of your sites stocks this supply.,Ninguno de sus sitios tiene este suministro.,Aucun de vos sites ne stocke cette fourniture.,"Supply page, signed in"
Used one,Usé uno,J'en ai utilisé un,"Supply page, signed in"
Used {n},Usé {n},J'en ai utilisé {n},"Supply page, signed in, with a count above one"
Recorded.,Registrado.,Enregistré.,"Supply page, after Used one when the API sends no message"
Running low,Se está acabando,Stock bas,"Supply page, signed in"
This did not load. Try again.,No se cargó. Intente de nuevo.,Le chargement a échoué. Réessayez.,"Supply page, signed in, when the sites did not load"
That was not sent. Try again.,No se envió. Intente de nuevo.,Rien n'a été envoyé. Réessayez.,"Supply page, Running low that failed"
